player_name,country_code
xJade,US
BuliBabba,PL
Cappo,DE
Shadow_Titan,DE
Seljuin,CA
xz0dus,IS
cguwolfer,TW
Frydac,BE
Blackrobe,ID
AreYouNotEntertained,CA
fnT,US
StarDoM,AU
Fiddler112,NL
CommanderC0dy,DE
ComanderRex3,DE
Bacon_404x,TH
It_White,TH
ShinyPotato,FR
Peace_,US
TheChaser,NO
Kwuzard,ZA
Xsicer,NO
lysenko,CN
jae_,NO
DangerosoDavo,GB
Vii,AU
Xaelyn,AU
Commander_Barnes,US
lordwilliam,AU
zomtomtom,BE
Merczz,AU
Sackferkel,DE
SweetSugarHigh,GB
lvxmas,CN
Flank,US
DropShock,US
Cromestien,US
Beefers_,DE
COH2,US
SaltyBacon,NZ
Babitch,DE
Jesus_crispus,SE
Crispypeas,AU
lomma,SE
Nudiben,AU
T111cal,SE
The_Suspect,??
RatiFesta,GB
Myrn,NO
DonkanaillePrime,DE
Roballa,FI
Novum,DE
Swallowbug11,US
Ghostbear,US
[oAG]Keqs,CH
millers,US
Morphine,GB
AFUS_Enjoyer,RU
Torana,AU
Bob_Tschigerillo,DE
[osen]indev,RU
NiSE,RU
yalugin,UZ
Chevalion,DE
DumpMags,GB
temojii,TR
Snowflake22,AU
Dontcallme_Noob,BD
BotBeard,GB
XxSalemxX,HR
Spdplaya,GB
p0w3r2416,SG
Firezar,RU
kosmiss,RU
[DmE]Roostyla,GB
[LTP]onename,CN
[DmE]ThunFisch,DE
iloveshabu,PH
Laudy,CZ
Rompy,NO
Guvnor,AU
TicklishTick,DE
small,AU
[DmE]SlickLikeVik,BG
Tsirya,RU
Raikoh,??
supasquid,AU
Dunkelstich,DE
Cozzwald,AU
hanstuoaell,US
BullyBonker,US
TM_8D,??
_ezy_,AU
LouieTheBeast,US
cetme,DE
SnOeN,DK
aleph_one,AU
Tralus,US
Booty,AU
q11,CN
sweet_savage,GB
Barbarbarbar,DE
bStEalTH,US
yourself_one,DK
helaghae,US
ZowMeDong,??
TheBallotEater,US
Phalange,FR
PawEnforcer,RU
SonGoguz,DE
NotHenry,US
Object416,US
Exzampl,RU
Demonz,KZ
VonComet,SI
UKF,DE
Levitus,GB
zutonxp,HU
AureliaShirley,NO
damgleo,CN
elTUcco,DE
[WNTR]_Fenris_SC2,DE
BLeeYz,CZ
velky_cmoud,CZ
borisssin10,RU
Tesla,AU
TehAnnihilaterer,US
bORg1,HU
enepalabra,US
Corvinuss,PL
deadsnake,US
mazuki,FR
Chlenusz,PL
[KAK]CuddlyFiend,ZA
RandomSkibidi,IN
[KAK]LostinOz,AU
Skeymar,TR
ArmoredInsecta,AU
Pendadron,AT
Granite,CZ
Hairy_Potter,BE
ToOl1tAf,SA
Maricuska,CZ
Kcorp,NZ
DonaldPimp,US
mprghost,AU
RDSCommander,DE
thanhnd,VN
Bumsyy,GB
powermjp,GB
Mr_Dirac,SE
spieriz,PL
[smile]NEO,DE
[Bats]Revec,??
TechnoSPliff,NL
[DmE]Cobalt,FR
Fourleaf0328,CN
Djah,FR
Vettige,NL
[DmE]Melkron,BG
servant_of_scietia,DE
[DmE]RicTricio,ZA
Zockerede,DE
FRODODOR,NL
TTNNKN11,TH
Xyzer,NL
barmegaman,ES
UwUwrld,AU
UniverseMann,US
Sukramk,NO
[1881]Dooz,TR
flipflopper,DE
sco,GB
RollingPanzers,AU
Carefree,GB
miscau,AU
masterdaobbs,AU
Pingen,SE
Mehena,CA
Yoyanto,LA
wizzfizz97,AU
Quassi,AU
Maxwellq22,PH
Hylic,RU
karnevalstintenfisch,DE
Reptor,DE
Buhaticko,RU
keanris,RU
Inflecto,NL
onion2,FR
Bananajoe,US
kingcappybara,AU
braindead,DE
SorryMinoan,GB
claudvin,SG
boyan253,BG
kyxyzjkposf3344ch,TH
Thaksin,TH
Admiral_Yanagi,TH
First_K9K,TH
leMayonnaise,NZ
dindu,CA
SuicidalWalnut,US
[Whatever]Anoromi,??
[Crd]BalRockY,DK
[Crd]TheDirtyRag,US
polly301,CH
ss99,GB
darkiller1,SE
ondrulik,CZ
[RAG]Coops,GB
Walkers,AU
10rotator01,AT
CallMeXander,BE
VoorbijAlleReden,BE
Exerior,DE
Decprocorn147,GB
Ellivas,AU
EduPerarnau,ES
crespi08,ES
GreyWarden,GB
BipolAR,UA
Aviation,US
Puppetmaker,SG
Fel_,??
GVegas,US
Teiresias,AU
FuzzyLogic,AU
ajtaY,HU
Recipricate,AU
NotTheBest,DE
Oleks76,DE
Dachs,DE
PoopyButtholes,GB
[DYRA]Shnikister,RU
moshi_dot,SK
Janobijec,SK
eQuintessence,DE
DFKChris,DE
DrDisrespectingMinor,SK
Esky00,CZ
broskev,CZ
Blini1,AU
Peely,AU
Chronic07,CA
SkipTheMaster,NL
buildzoid,GB
TrippedOutOnViolence,??
lemonte,AU
Toasty_Butter,AU
[OM]Zedra,NL
Virign,AU
chung4you,DE
Rao,PL
Quickmercury,AU
GOLGAMOR,US
Tortoise,FI
RowanMorse,US
kkarinen,FI
minskBy,PL
LinuxRulez,DE
Nuronthur,FR
Rakutto,DE
MM40,AT
[DmE]Varzhak,GE
adam62085,US
wowasg,DE
Mikatsuki,??
Zaidchamp,US
Feniks,PL
[smile]ButtMuncher,??
Isjoh,SE
Rocksalt,DE
Jacker4584,AU
uwuaru,US
Mune,AR
Ammonix,CH
BlinkShot159,LV
RGBTQGuy,NL
BiggusDickusThe3rd,GB
platospa,GB
Moosey,AE
[STUD]SimpleIdeas,AU
sdwa61,CN
mattiemat,NL
conspirator,RU
spr999,AU
DrunkFox,RO
egoas1122,TR
godragnarok,PT
lolh2o,GB
utkubydmr,SA
KeithLard,GB
Sailor_25,US
luistar15,PE
xiaoyangdhhh,CN
BiggestButtox,AU
BlinD,AU
FavouriteDishLoader,DE
Bananasheep,AU
Redcrow,JP
InquisitorDarius,HR
RiskAddict,NL
[A7O]KarimAKM,??
ForikUA,UA
Adham,EG
Sombrero96sp,FR
OlFrosty,CA
Solomoon67,EG
Satan666,??
[A7O]LADA,EG
Baazz,IL
Juergen,DE
GentlePotato,RS
Obsidianwanderer,US
vince56,FR
IronPriest,DE
Seperoth12,PH
Monkfish66,GB
Barbitua,ES
defendsoderort,SE
Aimish,DE
SalmonBar,HK
FalZeeN,FR
Greyghost40,NZ
Valstrax,GB
[BAB]Oxygene,FR
Megatron_,GR
orbiss,AT
Sophie,AU
jerkygaming,PH
iTzSerb,PH
BlackGhostX,DE
Xentagia,US
Golgotai,GB
HMIZO4,MA
RedoneIntro,US
O1orin,US
polerexpress,US
Asurian,US
CottonBuds,PH
_Bamb00zledBlu3_,DE
Swiper,NZ
mushruptor,DE
102eskadrila,RS
rickymay2588,US
Rastabortionist,AU
Kedwinbi,FR
FreyaValentine,DE
Mosh,AU
simogu,AT
Selecta,DE
Endjinn,AU
Svintrynet,SE
Sancherov,RU
Dreeedy,RU
luczerlevrai,FR
B3arMan80,SE
ImpAct1337,DE
Kulek,RU
Sterbun,GB
NOTMADEINCHINA,HU
sprayden,AU
Mister_Artillery,US
Mouzzze,UA
GODzzila,SI
[smile]SpookieDookie,??
lemonios,GR
nuk3,GI
blendedlemon,VN
KiraYamato5,CA
M1SF1T,TH
Otup,DE
Mavelius,RU
RavenousRabbit,SE
BarTender,PL
444236937,CN
Ich_zahle_BAR,DE
Okroshka,RU
snow_Man,IN
FluffyStrategist,GR
Ploplow,FR
snoaper,DK
Berthags,AU
[kokots]eren22,CZ
Crunchy,DE
Mmneaa,EG
semitacbattlefat,AU
Tito420x_TTV,MX
0neTw0,RU
WaterBoy,CH
XTA_ApeX,CA
Dirdomoy,BY
Pizzadrach,AT
EigeneDateien,DE
IPFRORY,CN
adoobpter,??
NotBad,RS
Wolficious,EG
baby_macawww,NL
alebattle1,IT
derkarl,DE
RXQM,FR
RTS_MaJoR,FR
Filthy_Mongrel,US
Nosohvost,GB
beardedcoder,US
bacondude17865,US
YesThisIsDog,DE
NuclearGuy,AT
Fated_Duelist,??
Ariah,US
[DmE]Zeeburg,NL
GlassOfGreed,US
Magoat,NL
SolloS,AU
Spinecrusher,AU
Pirag,DE
hubsdacv,DE
[DmE]RiverRun,BE
yidan,IL
xzIcenFirezx,US
OmarioVi,RU
Dogar131,BE
Slash2,FR
DrSen,BE
BigtiddyRobots,AU
Loki4ever,CA
eljocab,AU
MixalisPu,GR
Knyron,DK
Rouben,CH
ZorbasAllStar,GB
[DYRA]Ep1cApple,RU
DestroyerBR,BR
rubberduck12,DE
BecauseTravis,US
Misfortune,GB
Stinkbee,MY
MR_EKA1,TR
BLANDO,AU
Tsuyokani,PH
Targoth,CA
SaulusPaulus,AT
Jsam,US
Pawmot,SG
AirLTU_Live,LT
Nicholas20,DE
Cookie_Destroyer,AU
DeathSpiral99,GB
Pauperbanaan,NL
Kvazar,RU
dsys,CN
Yun,IT
Gatorgod,US
Instinct,DE
HeavyBalls,TR
OmarHisham661,EG
XxfuryxX,LB
Homer1315,DE
IcyTempest,KH
[ST]AdmiralGeneral,ZA
Stinoe112,NL
Evis201,FR
Robot_Bread,AU
[BAB]KBOTRON,FR
[KILL]KarlMarx,US
[Stud]Mango,AU
Hooligann,AU
coolj4m,GB
[Bats]PnutButtery,CA
newio1,AU
TM_Greeko,DE
NININI,TH
Nightmare2512,BARB
ThatCactus,US
DButtersxD,US
AndT2008,DE
[teh]Flow,NL
Pikelets,NZ
Karunel,ES
Scubasteve28976,US
InfectedDroid,UA
Blaupause,DE
Stalfurn,AU
sevhel,AU
www,RU
[DmE]TypicSquid364,GB
Felix8477,DE
[IfLoop]M4skedNE1L,DE
kamkam,PL
Bannafrog,TH
[Crd]Novaturient,ID
ErrorOccured,GB
OneViking,DK
ShaLawLaw,EG
[Wzup]Johan,DK
Sloanerrrr,US
tickmeister,AU
BARFLY123,AU
counterink05,GB
oRcimTV,AU
lazereel,SE
Retired_Panda,US
Mechtalica,US
m0uSe,CZ
StormBilly,US
dmbf22,GE
Bum_Crumbs,AU
FlynnV,US
critta,AU
hakimhc,GB
Arrkkangel,AU
cwis,GB
LaBomba,AU
joshring,GB
Pertusin,RU
CoreAfus,FR
Catu,FR
bluckduck,KR
kaballas,AU
Ares_1,UA
Masstok,US
Tmax,ES
Shekwess,RS
iHerring,AU
Mantorok68,NL
3snke,US
PronooP,DE
Asikiri,HR
Meitz,MD
mKeYY,DE
rogerEPSILON,IE
FELINEAIDS,US
predaturd,AU
Tibious,AU
Spreukenindekeuken,NL
nomad579,TH
salos,US
ginjaninja,GB
Hubkuba,CZ
aomsin1945,TH
RatMaiden,AU
RandomPlayer743,RU
Hunscotti,FI
Galuion,DE
Apothic_Reaper,AU
12312,DE
Lasthit,AU
figjam89,AU
DestroMech,AU
API_ZA,ZA
BarbaricTinTin,ZA
Gaming,ZA
DJALPHAMIKE,ZA
arebee,AU
MasterBeeman,AU
gflow,NL
moxxos,US
[POES]Iz4,ZA
TicksEnufTho,??
[O9K]Analizer,SI
Nuttrition,LT
RoyalFLY,NL
dorkalord,SI
swiss_cheese,??
TTVnaughtytoasts,PH
Xthrawn,FI
uaregrunt,NL
Darkfury,SG
isbedabrick,US
HardCoreDon,GB
r1ghty0th3n,AU
lezlec,DE
BattleDuck,AU
Bandera_ua,UA
bansko,FR
CPU_EASY,IR
Px0131,ES
Jerdaz,NL
Kratoswer,IT
Alteratoforte,CH
okomaru111,TW
Screaming,US
Nightwalker,DE
SkillChange,ZA
AdamGamer,ES
TwoTours,FR
golem13,ES
gamernoe,ES
Grandjamster,GB
Glonkey_Kong,GB
TimDestroyerOfWorlds,NL
king_of_wo1f,KR
BigGunsGoBoom,DE
scotified,CA
Mnogohodovochnik,RU
VortexPython,NZ
[BAC]Thugsoraneptune,GB
nikolafeer,RS
GypsyRex,US
Jadolv,SA
Greg96,GB
Ivanoo,US
_Freefire_,DE
sirboux,GR
Ntroulis,GR
Reikkon,LT
Roozly,RO
Pier,BE
[RY]RichMan,SG
[NWO]Dhiras,IN
MonkeyTennis,GB
[A7O]MeTaMorPheX,??
Miklas123,DE
Unknown_CLown,AU
DonKojo,DE
Infernal_Guard,DK
TaktikBrezel,DE
GermanLeader,DE
DerBascher,DE
elloe,ID
kanilan,ES
demonCesus9999,RO
Yuudachii,ID
CloterChohan,ID
KaboomboomPow,PH
SilverbackSam,US
JohnaVNR,BE
TheAce016,AU
Bl00dDem0n,DE
Marc_winner,DE
IanNS,FR
Macrocosm,AU
malikk,IT
KoalaSama,BR
YYDS001,CN
YourHonor,NO
Crossperia,ID
Hawesome,AU
zazafree,KR
LouKey,ZA
Potens,HR
MKnet,DE
Iammeatwad,GB
[FSK21]ChaosCore,DE
Bluction,US
shnux,AU
olivetree,CN
Afrothunder,GB
Shary,DE
DONTPATTHECAT,TH
ZzOMBIE,EG
Oxymoron,CZ
Taktibear,DE
meterpaffay,DE
Howie_Dewitt,DE
peachbiscuit,BE
S304,TH
RaWRpewpew,ZA
Owres,GB
malimonkey,HR
Asuras,DE
[SG]VictorXII,US
[APE]Dog1IsOpen,DK
AcidRogue,BG
nottora,JP
Grub1dge,GB
PaciF1ST,ZA
BeerGoggles,GB
Hiroshi97,MY
UltronMed,MD
BOBI,MV
GrillTofu,AU
mnt,DE
Pheonix1987,GB
PlatinumBlonde,PL
Trollslayer,AU
lac_lac,VN
Blood_Ey3,FR
HaltbarerKakao,DE
Spaghettix,FR
Hompie1973,BE
SirJebus,US
Simajl,LT
ShotSam,NL
Phoenix03,DE
Goldeneyes,NL
Bubz,GB
RainerUnfug,DE
Qubycus,GB
adalaba,AU
Pacas88864,ES
XODOP,RU
Koscheu,RU
Timel96,GB
sonicfayt,US
Audi_Murphey,US
Unton,AU
StumpyLongLegs,AU
Sansakerta,ID
Hellzie,PK
AnzacDiver,AU
Orangean0l,US
Camellll,IT
itch4killz,US
Kurosul,PH
GOODDAY,US
Plagzor,CZ
jy02112081,CN
ITALIA,IT
No_Air,US
RefuseToLearn,US
ZGL,US
Eristoff,AT
yihuaerguo,CN
Lahe,DE
FatPanda,HK
NIDH,CN
[MY]Kisaki,CN
Heresyz92,CN
Download,CN
Alkoholic,BE
tomcheng,CN
Brownbear,CN
plmmmm,CN
KRONSTADT,CN
hJfIDOk4Q0,NL
Thebirdman,AU
Tangokiller,FR
Koven,AU
ThePurpleMan65,AU
dartingowl,SE
RegrettedKarma6,AU
_harrydavid_,AU
Bali_Shag,IL
winterolller,SG
FAJUK21,GB
jambrini,GB
qsauce,JP
PlsHelpSendTroops,??
HellRider,RO
p1inguin,BR
Dogstar_Nova,AU
willdesbois3,FR
KINTUS,FR
discoverer,GB
Fluff,AU
Dayan,IL
WarAngels,TH
Mewi,MY
Jinx1234321,NZ
Dauntless,ZA
StretchyPants,US
hscsd,FI
Mysthik,DE
Papperskorg,DE
Smoked2Much,DE
Alaa,TR
animaal,BE
SpookySpazo,AU
CactusDrinker,NZ
Minden6o,HU
Tr8tor,AU
GodDZilla,RU
somberlight,US
Rootkit110,DE
Kaioshin,DE
Robi963,DE
Mimikatz,GB
ss166520,CN
Wahnsin,UA
Faceless_Prophet,??
EngineX__2002,PH
LEGENDARYgGAMEyt,RU
PaIa,DE
Psionical,DE
Haymancay,AU
Hauaz,CH
DeadPulse,GB
Wfmadsen,DK
MikeTesla,NL
Torotron,US
SlayersInc,AU
wtfer,RS
Desty,AU
Arar,IN
XMF,HU
ange_black,FR
WeinerDinner,PH
fly8659,AU
Kees2,ES
Zeeva,AU
MrEnemy,RU
ObjectR3D,AU
Solar_Shooter576,LK
DJID1234,LK
goku1,US
Repeater,SK
RodT09,GB
Kyle_25,GB
kaasbroodje,NL
Hans1,HR
CrackerJackSmack,AU
BelugaMale,GB
GuiTou,FR
simavark,LT
HurrPurr,NZ
Winchester_Magnum,KH
realisticjoseph,GB
Marionas,DE
greenphox,GR
bucketphobia,SA
Wind,US
Rippsy,GB
Marlin,DE
Syphos,NL
slink1,GB
ZappBrannigan,US
hatow,US
[DmE]TreoTor,DE
BoomBoog,RU
XNova,ZA
ThatManMelvin,NL
Boombastian,DE
hougoul1,FR
broonx,FR
[DmE]Dreamlight,CA
Sykazomass,FR
Tobiyas,MY
Befa,FR
Brookmier,GB
R3stricti0N,AU
Banshax,NL
Nicopos1,DE
ReasonNippel,DE
Jesterz,AU
LuisGalaxyTT,DE
Zombrained,CA
adzii,GB
myriari,??
trash_exe,AU
KorayDT,DE
SkadiLost,DE
TwoStreams,AU
PWRBTTM,PL
DraculDaculDRAC,GB
JULIOSINCE83,BR
Blackbaro,BE
[BE]PostOrderNoob,BE
Quadfathe3r,AU
intas,LT
DillPickle7,US
[BE]Pindakaas,BE
MaTyZcz,CZ
[BE]BennyWays,BE
Kenno,DE
NextEpisode,ES
Fubaxx,BR
moonthefirst,FR
Philton,DE
321_,CN
summerxr,TH
test2,DE
eggsys,TH
FarQ,??
ZegarZ,PL
[BAC]Encyclopedia,LK
FFF_,MOON
olavgg,NO
Belisarius98,GB
Kalez,FI
axyeoh,AU
hungryorge18,PH
Sachsenpower,DE
Pandaass,AU
Neodork,NL
Dr_Wernher,NL
macrooni,US
Layinn,NL
MrEasyfrag,FR
FlyingTacos,FR
capricious,US
GTOJOE,US
Darckjador,FR
vendetta42,FR
Oben,AU
Chemical,IL
YAOUCH,FR
BigManBackLine,NL
MrDutchDaniel,NL
Nevu,PL
ItaArrivatoSecondo,PL
lickmycheese,US
GaltNO,NO
[Grump]agressa,NZ
BIG_OTEN,PH
badbot,GB
OsRam,DE
Zeff,FR
ForThoseWhoComeAfter,??
3xcentric,MV
subject_az919l,GB
FlyingLlamaZA,NZ
badluck3737,TR
Troy3269,AU
donec__quis,AT
Decepticon,RS
Daylightzi,NZ
[CL]EagleEye,BE
kolchawal,TH
THATMORALGUY07,US
Nikita98,UA
Mikasiki,HK
kronssh,AU
[DmE]spieles21,AT
Razer88,US
[HRX]theygavemeFIRE,DE
Corrupter,US
Kiwi_,NZ
LvYe_NL,US
Heim,NZ
LynksDisease,AU
Gawr,US
Breadroll,NZ
Techenjoyer,NZ
elegantwish,FR
UnM0le,IN
ItsNoGood,US
wrapChaos,RU
CharlesMANCE,MY
BleepBop,GB
Equilibrity,US
Azzoko,DE
Norela,TR
RebelNode,FI
Biggin,US
Ssevens,EG
bigchungus_,AU
Duke_of_Stars,AU
BlackBatA8T,AU
Whamsize,GB
Zoidlberg,DE
xeonite,GB
SupremePakCommander,GB
danwib,GB
masatrim,AU
Lemekpatrefort,CA
Reversedfate,LV
Isobaric,ZA
Hohls,ZA
thatjeddaguy,AU
Specht,UA
DarSchlumpf,DE
Svinpals,SE
Nausicaa,DE
romanianpowder,RO
Moemoe,CH
JoeyTP,GB
FrostyBollox,GB
jan_303,PL
Schizofuel,GB
Omakron,CH
JimmyQ82,AU
Uniform154,FR
ps1x,RU
spoderfriend,SE
Nat135,AU
AzurePure,SG
Zutra,CZ
NukeEnjoyer,MY
degrotepeter,NL
MrsTorgue,DE
ASDASDZXC,CN
soren_max,AU
OldManGaming,NL
cLimbo,LT
Hexi,US
Dread29,US
Frosty4ever,CZ
MrKicks,NZ
holoM,RU
TheSaltyOne,NL
TheStruggle,ES
LoVeShielD,FR
Alleztintin,FR
Buba,CZ
EcLYps,RO
Liscano,DE
SW33T_JP,CA
jarjarbinka,AU
Basirzom,RU
Altaor,BE
Alandalu,ES
ReaveRM8,AU
Ultimatechibby,AU
Cryp,DE
drakcore,ZA
kelleyneedsajob,AU
TheWarrior,AU
TikTok,ID
ShadowEmber11,US
Smuc,DE
AtlasWolfgang,AU
Moonwalker,DE
SILVRSTORM,AU
[Hase]Paulaner,DE
CitizenThree,NZ
AngelBoa,TH
MrSyrupman,AU
Danjisan,IT
Radgie,GB
Sowfia,IT
Ralph24,NL
Kendyman,IT
lord_bulart,BE
Kloke,UA
LouisNsH,IR
Spawsh,FR
musicformybumhole,GB
klocek,PL
HerbApproach420,CA
thatguy11222,US
L3GION,US
Shirokuro546,??
DIGit,US
Enbar,DE
Narukar,TR
Variable,AU
marcel3326,DE
SlapsDominoes,AU
[Omi]valb59,FR
ZergLisk,DE
Asryael,AU
johnwick,GB
zozopoo,TH
zapht,US
dzidex121,PL
Idanno202,IT
dzikiTygrys12,PL
KiIIjoy,GB
Methadrone,NZ
Alphacuremom,DE
TheCzuro,PL
Invisions,AU
Reiki,PH
Reytis,DE
Hotdawg,US
Roof_Top,KR
Aviv,IL
Oligodendrocyte,US
Ayusa,JP
Scorchey22,PH
Parelus,DE
soar,AU
RaisinJuice,US
CausticAcid,US
PingpongNightshow,TH
host,SG
Kamtsikis,GR
ChopFace,AU
Wienkszy,PL
Azeil,AU
bBAD,??
Red_John,DE
[SC]HEZI,CN
PizzaLove21,KR
Lord_Brad,US
kalkuttakutte,CH
babamba,KR
Hummell,DE
r0asteD,NZ
Wraith_303,GB
NuTCrAcK,DE
Unrelenting,US
PerAsperaAdAstra,IT
Stelios,CA
SpiceRub,AU
[Baltasar],HU
GuntherTaxRebate,DE
nKyra,??
jamytamy,CA
Maximbing,US
FrostLord,US
Jaxjackrabbit,AU
ka0123,MY
TEEAA,TW
killerstorm,??
tomlockwood,AU
bahlomator,DE
wexos,CH
imlolish,CH
jessies,AU
fu127098,CN
Necr4l,FR
Windy,AU
eumelbeumel,DE
70k3r,LT
BenziR,IL
antos7096,FR
Skinnerlolj,GB
DarkoZz,FR
B0untyx,DE
LRG,CY
BrowningAutoRifle,CA
cerastis,US
Swordoff,PL
Szymlep_,PL
DzikiCyc,PL
PeckerHead,US
BigMcLargeHuge88,US
angelye,FR
8x6er,US
fragged_again,NZ
SpaceBoarder,DE
Grakvaloth,DE
polewaj,MY
ALCOCHOLIK,PL
Razis,PL
SavageLuc,DE
Benson,DE
Dertia01,FR
Bardok,AU
GODOFWAR09,IN
kat_the_vat,US
Dark_Rainboww_744,RU
BadKArma1,AU
Sambrosi,DE
ChickenSticks,AU
RedLyoE,US
acidtechno303,BE
onep231,KR
RogShotz,US
llirreW,US
[DRUNK]DaXneX,ES
WorkingLegend,AU
omar_kh,EG
DarKNFury,NL
[H2H]Parzival,GB
pyro066,IT
ShokoAsahara,FI
h133,CN
congxin,CN
sarewell92,FR
Buijsinator,NL
bar2hard,AU
Elthalor,NL
Cabunag,GB
xoxlandia,UZ
[Omega]Nemesis,AR
moh7ero99,DE
hackelele,GB
[Crd]YOUNS,EG
[DmE]C3BO,GB
OutOfMana,DE
TookMyLove,EG
[Grump]RaimonNL,NL
orange_state,DE
Jasperc40,NZ
Bethezard,LV
outerHeaven,PL
Kilo_Gram,FR
wambits12,AU
chav_zack,JE
[DmE]ChickenDinner,DE
Erebus_,US
Efsyr,FR
Budanov,UA
LexaBarbos,RU
JollyB,FI
North_korean,DZ
chicken_tikka_masala,IN
BARGHAST,GB
czarnakurwa,PL
Baderinio,PL
FantasticU,PH
Jimjase,GB
muddy,GB
DebilStriker,DE
Codetokage,MY
[COA]mr_S0P,BA
lion7,NL
ToazW,FI
Evangelion,CH
M4rkZ3ro,FI
Crinight,RO
ArmoredPsycho,FI
[SG]Luisb288,DE
Schlop,AU
Siko,UA
zl07y,PL
Lungenbroetchen,DE
TOWGA,GB
user001,CA
cosmicfae,DE
BobbyTheToxic,PL
Thealpl,PL
Rydz,PL
taknie,PL
1234ffeny,PL
JsTvChesney,GB
[HRZ]Onlytech,FR
aegenubis,DE
ladderwright,US
OFFCHOPS,AU
Wombie,AU
Gingerninja9090,ZA
PRZLTN,HU
JouJozko,SK
[Su29]JustFun4noku,RU
TheJuje,US
onebuttonbob,DE
[Hase]BlackFourteen,DE
Banana007,DE
Dariesta,PL
Skeys13,US
patte19,FI
Nr2117,ES
Techbot,NL
KODY,FR
KingandCountry,GB
zwatty,US
Geronimofo,US
Creeps,US
Morpheus187,CH
[NEEF]Sukael,NL
Hard2kill,DE
Pitti_Uomo,IT
Kombiwalze,DE
Axesor,CZ
cC]Cane,TR
Ape3000,FI
ARCanea,FR
Pascal,NL
NoobLube,US
DaSkidz,AU
Artanyx,ES
[BARf]TommieBommie,NL
[BARf]TechnoPhyle,NL
Player473,LA
Mania09984,VN
BEARSLAYER,NL
fly,US
Asrathi,US
DRONDSET,FR
Blackbird357,AT
fire_eater,BY
ArchNiki,RU
InABlink,GB
sweatyfish,US
FelinJet3,BE
jabberwack,DE
onoroboto,US
JGeks,US
Psalm144_1,US
Nikkoton,FI
HelsHound,ZA
bnw15,US
Sessiz_Komutan,TR
Tooobey,DE
Spolkip,GR
notthatJazza,AU
jonakin,CO
MaikAustria,AT
SimpleBlue25,IN
FiddlerOfMalaz,BE
BBQ_tomato,JP
Warpugss,US
Jim_Botron,US
Supersoviet,US
Bazdah,GB
Pillemann,CH
yeskinkot,RS
TheRestLess,GR
ExaltedBlue,AU
GrogMonster,AU
Shootah,US
Nave560,US
floliverk,AU
netacsss,TH
tave,KI
bcmb,US
SomdetDetected,TH
MoRaNaPhaPH,TH
[Bats]bobothemonkey,US
PFA1,RO
VirtualP,GB
[zip],DE
snifiboy,FR
[XX]fadedago,HK
Capt_krouser,TR
Doushibag,??
sjamuel,NZ
Cerberon88,AU
NoMADi,FI
ziyan92,CN
Lesny,PL
[FN8DC]TomPrime,DE
Moxima,US
PhilMcKraken,US
Jackal_Generalen,SE
picklemytickle55,US
ihaveabomb,US
[TYL]Lampie,NL
Moohy,EG
[KAF]Hive5phere,DE
daboss,CA
Megax780,US
Chronographer,AU
BarbieCommander,UA
marager,IL
samuelhope,NZ
Shark_blub,NZ
Section8Baby,US
Fearow_Nik,ES
[QUOK]Tallme2,AU
PainfullySweet,CA
Flibble,GB
RAAS13,PL
Suntzu_AU,AU
xXLordreamerXx,DE
KlLOLO,ZA
bleiregenxxx,DE
jnarrm,US
Derh,IT
geralt99,IT
Kengu,RU
cheezer,GB
Jase,CA
runninghorse,GB
StressfullSituation,DE
Ethrillarr,AU
Verula,AU
Skibidiwc,DE
oldworldpainter,US
mxpal,HK
wackypanda,BE
powdie,AU
Kev0,AU
MisterYellow,AU
CNParker,AU
BekonoWich,KZ
[EXP]XEMO1,FR
Gromixson,PL
NastyBenji,AE
AngelIceheart,US
Kromex,DE
[G]Lord_fistycuffs,GB
Ownage,GR
swaldswar,FI
mhacky91,PH
cnyt,CN
Karma555,US
iMango,MX
Matty98,AU
chungzhu,TR
me102,NZ
Hatchamaback,US
SmellyPotatoJuice,AU
xMoDx,DE
Panzersepp,DE
Woofs_and_Barks,AU
sailoflight,CN
Anylastwords,CN
Dodoman1,US
[Wzup]kc,DK
Prykie,AU
OpenNoob,DE
Canndyman,US
Icanopen,US
cosmicnitra,US
RedFrost,US
llDeXll,RU
Klev,DE
mynumjames,AU
thepot,SG
Mohs,ES
Hapetus,FI
Vivi07,PH
[smile]Kato_Megumi,PH
Ev0lvEs,FR
NWJYCWHY,SG
NiiRexo,DE
JiiPee,FI
[Crd]_Shai_Tan,US
RebelVortex,NL
WitchDoctorJimbo,US
osk,FR
Reaperc373,US
Presszocigany,HU
CalmishPhill,US
darktoof,GB
Abyuyala,US
Gringogreg,FR
Clubsguard,GB
Ol_Jack_Burton,AU
Naedri,US
cooley525,US
Fred18_5,FR
screenlurker,US
admin_codi,PL
lizzard22,LV
Alantin,NL
Th3MightyRooster,AU
Miselatis,PH
kenping,MY
Jason,AU
[G]DorkSock,GB
[G]hellomynameisdan,GB
Reszek,PL
Wukonkly,US
CalebTheWise,US
JMWild12,GB
Roarz,GB
SunRisez,RU
Danila_Zov,RU
Nazgoth,US
BLAME_AIR,US
omegadon,CA
taelaren,US
snehopan,CZ
PinkHole,CN
Bananberg,SE
eggsaisle,US
WickWeak,RO
Alexspeed,DE
sagitta,BE
Riki_I,EE
YourFather,PL
Nivrik,DE
charliew,US
Marus,RU
scone,US
MULLKIMCHI,KR
bar44,CA
AnimeGuru,US
xsesp,FR
AlanCJ,MY
solmis,TH
Arocam,US
Deltora58,NZ
Garloken,CL
AFrye,US
FurryTrash621,DE
blackblack8,JP
Slepeesh,CZ
Stargazer795,US
Breedable_Kev,ZA
Xcal1bur,CA
axangel332,PH
TotalNEON,US
Frick,US
WildHaggis,AU
FunkDubious,US
buttdog420,CA
Hydrix2,NL
Atlasfailed,BE
Maks_M6,PH
[TNT]BrightWorks,US
WnxEatme,NZ
GaryTheBlind,US
manamops,DE
Fighter494,US
Iron_Tsunami,US
NoAvail,US
gerforgan,GB
Cyn001,MY
[KAE]Wild_Sparrow,US
Torrixx,US
CacheMissX43,CZ
GavsteR,AU
darthy,US
SU7ULTRA,MY
dod_noxid,US
slaybodies,US
Pobiega,SE
boccalandro,US
Makaia,VN
Enzo_Gorlami,US
Empanadaz,NZ
mrexter,VN
Air_Pakistan,CN
Kanonenfutter,LI
1q156,AU
SpottedSnowman,ZA
Alythrope,LV
majore,DE
BokBokBok,AU
[TWDW]Shabamalamabad,US
hiroshiganna,US
I_am_Grandma,HK
kapgun69,AU
ZachZ,US
pzhar,AU
Vritrasura,CZ
imothep,FR
Zippo9,TH
[Crd]WndrWeasel,US
musty127,TR
CrocDande,AU
vbdeman,NL
swagershager,AU
ForeXoveR,LA
Rainis,PL
Ztriplex,US
BrainRot,AU
Noeas,FR
Able,US
Filijed,CZ
RainOfArrows,AU
[Ego],AU
TheBaer,CH
YokedClover35,US
ChromeBook,US
GophTheGreat,US
molefish,CH
soosh,SG
AI_Overlord,AU
deflux,US
HamStompson,AU
ButtStuff,GB
bowoolscot,GB
crossfader,DE
Fraser,US
narvana,PL
TitanShadow12,US
GLA_PostalService,SG
Azure_Dragon,CN
[APE]BigBaldMan,SE
BARdeadGAME,PH
Fluffy_Commando,US
Ratmonky,US
Falearn,PH
Pyrce,US
Fisk_Dragon,NL
Korkavel,FR
hox2,TW
WindyBinDay,AU
Spartan831,US
Django94,US
[Tizzlers]Dank,US
_Nyte_,BD
JuniperAndFriends,US
STOMPN,AU
paule85,DE
Themeathammer,US
omigador,BR
RetroFuhrer,UA
Lorn_au_Arcos,US
Cieten,AU
Alkasr,EG
Bluebot,US
CmdtGlobal,FR
[eSkilL]Andre,US
[DmE]Twinkle,GB
TraderofTime,GB
MCclare,??
Anka,SE
KingBlakey,AE
jaustin,AU
Chlamydia,US
Photek,NL
SpaceBacon,US
U404,??
BattenBurgs,JO
Kuuka,US
DOCNUBSAUCE,US
Reelestcat,AU
Neeltje,NL
rck1233,CN
Order66,CA
OlDirty,DE
KKND646,NZ
CEOofPizzaHut,US
Pi7iM3,AU
kainepaine,GB
kuroblitz,PH
Yeetly,GB
KCC7800,GB
WAFFLEMAKER,PH
Hajimeippo,??
pzky,US
jMiguel,PT
senseitakeru,DE
[GUPS]WhiplashThomas,US
[GUPS]TacoElGato,US
[GUPS]ChoGuff,US
F3NRIR,ES
Sexxier,US
Legsnbutt,US
BasedDrill,RU
Sakanya,US
Turtlin,US
DIVO,UA
Phatmick,NZ
Pietmuis,JP
RaGingTomaTo12_,MY
Bobbo,NZ
ButtEaterPvP,CZ
Bionic_Turd,GB
LegionMC,AU
9dot,HK
pedro7,NZ
Agnitus,NZ
utotkaw,PH
rgb5060,LK
[stud]AZZ_NZ,NZ
HahaImInDanger,CZ
Saddam,CA
Riku,US
ShadowsInTheSky,GB
KrazyFlyinChicken,CA
RabbanSqueezer,PL
gimpy,DE
LUKION,DE
[Dee]Bile,NL
synergy42,NL
CaesarGREG,PL
huilhuil,BE
setOfParticles,NO
HAHAYIXIAO,CN
QueenFinlia,US
zlingu,AR
BakeMedo,JP
Desman447,HU
Fijiri,US
Shony,FR
Elocho,DE
DiggyDog,US
Atrom8,GR
MISIKEX,HU
Seeto,AU
Flawless,NL
cuucas,BR
[BAC]WileyWade,US
brunehenning,DK
RageMode,US
nogioski,TH
wonderful,CN
ayush,CA
ElrondMcbong,DE
Xanetia,SE
polomna,FI
Sighs,CA
Teabagga,NZ
ndlong,VN
thitis,GR
eliteCompiler,KE
InflatedOS,CA
MoonLord,RU
Titanium,ZA
DA17,IQ
TimmyT,US
minou,FR
Yenton,AU
Pythakorean,PH
Havsy,NZ
rickcoder,CA
RFID,US
forko123,US
Wanuboi,FR
Agginator,CA
Proteinbaer,DE
Signis,TR
zriqq,CN
[Crd]HotSausageDom,US
raya,??
DDevil,AU
mmmmmm,FR
LoveCommando,SV
KageeOne,US
[DmE]erevos,GR
nuttiestnut,US
PenguinSenpai,CH
pyrothraxus,CA
[PIVO]Evgenyi,RU
[Stud]Sargeras77,US
DREADNOUGHT_,PH
SolitaryAutumn,BE
Stl,JP
ElCadaver,AU
DeepGift,US
Analogue,US
TurboBarCam,DE
Deattus,US
BLACKRAIN,CN
ACowAdonis,??
Sjur,US
Xen0xus,PH
FR4C74LH3X,CA
InDzone1,AU
GrenadesAndHam,US
ronronn,US
amyu98,IL
[DmE]j1013,AU
B3NNY,US
trixiet,US
DolbyTheSoundElf,US
jankops,AU
lewi22,ES
jazmastah,US
Xathrid,US
Slashbin1337,US
tookbluebuff,US
joshdub,US
Praise,US
BuildAA,US
Raps,AT
PhoKingCastro,US
ingloriius,DE
Phiix,US
nanobot,US
iqwert1717,US
pistom,RU
MaxMustard,AU
Feathers,AU
Sletox,AT
cheeselicker,??
mallix,AU
ngomez4395,US
starbird,US
kitling89,US
SmokeyTheBearTTV,US
Fenchelmampfer,DE
Loki_Yami,US
BetterDoBetter,US
XtraPiffy,NO
bigakp,TH
Tree357,TH
bkk4545,US
Degent,US
[Crd]Joisco,US
[Stud]Lovish,??
Kuchy,CA
Nezah,CA
Lord_5head,PT
Altf4_ubivator,RU
[WAM]chickentasty,US
YINGZIPING,CN
mars_mr_zheng,CN
firestone2,KR
halfaBAR,AU
Hofmann,DE
archenok,CA
4Ishtar,US
76Nero,US
StrawberryMilk,US
dyt811,CA
XXVI,PH
Verrr,PH
Mukai,PH
mld,US
GruntLicker59,??
C0mmand3r31,AU
jron,US
elektrik,US
dylanv191,BE
Songbird,US
GeorgeFungus,AU
BurntFriedToast,US
SmellyPirateMan,US
H4PPY,GB
Conpoc,US
GeorgyZhukov,US
e71az,MX
dog_soldier,US
NoobSlayer,US
Impulsenz,NZ
NTF_Oli,AU
SteelTide,US
Grassytiger,US
DragonEye,CA
SenpaiDiffy,US
StormCoder,US
KidaTheKira,US
dikson,MY
pixalateddoom,US
SlenderPaul,DE
Cave_Doggo,US
PinkGuy,DE
WinchesterRick,US
nurse_Asemi,FI
__Bear__,JP
Feedz,US
MayoMuncher,US
Timofeyev,US
YourLeftNut,US
Kamptic,US
Randon,US
ViolatedJaguar,AU
Jo_Broski,US
whydavid,US
Field,AU
JTL,US
TOWNS,US
TNT2000,AU
crappycoco,PL
lazytiten,US
TreeWithoutContext,US
princejm,DO
Gameboy4ever,US
noshenim,CA
Air_China,TH
JemHadar,US
Inferno_DK,DK
GalaTea,CA
countin,US
MyaX4,US
[BOYS]TKtommy,US
Eagle,US
Grazer,NL
Curdledtweek,US
LICENSED,US
hannibalrising,US
R1stormrider,US
General_G,CA
Scythes619,US
15729284757,CN
b33njamin,NZ
duckbutter,US
theKreniik,US
SYNIOX,TR
DarkSouls2Fan,RU
THAIBO,RU
Almarik,CZ
Sithin,CA
MuffWarrior,NZ
bakaoniisan,RU
Zagato,CA
blukat,US
TK_Cutter,AU
borisa,US
jabberjaaws,US
Kissiflow,US
FiRePiRo,HU
Sefi,US
[Crd]PHARAOH,US
birdbath,US
baXus1,DE
PreBlight,PH
LigMa_Nutz,CA
Maniac1614,US
Jattington,US
qjswc,CN
Chernobyl,BD
TheWeePirate,US
Xray174,AU
NiFiNiTe,US
2kl333FR,FR
Tqlamockingbird,PH
Xenaphon7,AU
Igotabigbutt,AU
jumpykiwi,NZ
WinniThePo,AU
The_Maverick,AU
mcrawshaw,AU
Deomid,RU
PigKing777,US
Flebaim,US
JARED6YO,US
Slimjlm_Tim,US
zuntek,US
TaipanSan,US
FIT420,US
DeadThing,TR
shafizele,CA
tonylock,CN
dasad,CZ
[Grump]Obladen,DE
[Bats]DaddyMilk,US
Jondor,US
Streetfrog86,US
jswar,UA
mimi121314,VN
arturzerg,RU
ujadm,TR
Triforce_7,US
solpower10,US
thedragon07,US
runforeal,CA
Legend1122,CA
shavyha,UA
ttank7,CA
Icantsea,NZ
Graceful,US
weedking,GB
Blxssom,DE
TopDog,AU
Mar,US
NuclearStudent,TW
Mikolas,US
Gav,US
Nwabi,US
tons0phun,US
ctmstriker321,US
Fungusdude,US
SaltymcBongwater,US
Forestalcape741,US
neatair,GB
[DRM]Rambo172,AU
AncestorsEclipse,CA
Wishforwings24,AU
MrPlanes,US
rber,BR
Louception,US
NZSAS,NZ
yvngtheta,US
Liutos,MX
CardSwipperPro,AU
SuperiorIceTea,NZ
Enderman103,US
Ihnimah,US
[Grump]duke_of_gloat,AU
CoCLoversClub,US
SpicyChupacabra,US
Screech,US
rokko,CA
borka,??
[DmE]OnlyThus,US
Lid,PH
ObeseElephant,US
K4thedral,US
WolfLastShadow,US
jkl,ID
TurnedCannon,US
turdbucket,US
BeyondAmbition,AU
BraveSirRobin,AU
Tonn,PH
StoicSmoke,US
QuestingKnight,US
SOVIET_UNION,MY
BeanPerson,PH
Belissarius,US
Lemmi22,DE
Rylinn,US
Mooman3245,AU
horridlittleman,US
[oAG]Chiefveg94,CH
Vadim,RU
Canubis,AU
SUBOmoto,PH
Alphanumerekt,NZ
Kindralas,US
Asscommander,SE
[707]hyphy,US
Shishlik,NL
DoinkDynasty,US
TikiJ,CA
Yakubs1Goyim,US
EXlLED,US
Jag703,US
[CTJ]Meejolnir,MY
Anatis,AR
Pgabriq235,BR
Zelooo,CA
Torqk99,CA
TwoVHSTapes,US
MrBonhart,US
cpgg2333333,CN
[ZFC]Zeteo,AQ
Sneak97,CA
Cuken,US
Zyxe,CA
Requim,AU
Striker95,AU
kidrock890,US
C7R3N3,PH
supermonster,PH
leveee,PH
DunkanBlackrose,US
Maliiwan,US
AntsInMyEyes,AU
Capture,US
myleg,US
White_Canadian,US
bladerunner,US
Siven,US
Freshy,DE
Kok0nut,TH
Chingus,US
Doublestampsies,US
maraner,US
Desker,US
Racyus,BR
[KND]Archerspk,BR
Maulie_Plays,US
Kampher,BR
BoeBiden,US
Kazoran,US
suguh,AR
CrDraggin,US
Quigonjon,US
Dubbzwerth,US
AndyDove,PL
QualmBrady,US
DogMan619,US
toothpickjanitor,US
saucybreakfast,US
roxursox,US
Blackstripe,US
Disjabroni,US
NedSchneebly,US
Demasius,US
Jamerz,US
ArchonRain3,US
bAlls_dEEp,US
RSMXZ_,MX
Yugo,AR
Dodnl,AU
PacificTerminator,CA
SupaTrupa,US
[UNN]Prime,CA
[UNN]JagdPug,CA
[UNN]LilFatRacoon,US
DarkRider_113,CA
Coach_Eric,US
CthuIhu,CA
PushDeeper,US
Rufio515,US
Cheetah170,US
Thkeymaker,VN
Zerkarna,US
AzotPunk,US
zeroone,AU
Morchul,CH
BlueCommander,MV
omegaflux,US
Pueppi,DE
BARrheadl,??
SpaceGodziIIa,US
lucionexus,ID
ScoutMasterAlpha,US
Seddow,US
Demond001,CA
Hello_World,US
WarGoddessMinerva,US
GingerLich,US
Olosi,US
dude10321,US
BigUglyBear,CA
muckymuck,US
SiRusty,AU
Algharest,US
Gamareth,NL
GEYF,CN
Compromised,US
KeelHauler,CA
pinindajin,US
JennaTolls,US
StumpCHUGGINS,US
[Grump]Jinxer,AQ
Kariboo,FR
Omnipresenttaco,US
[Bats]Attean,US
CatSauce,US
sosick,US
Nagirrek,US
Patriots,US
Redrost,US
[PATb]TerminatorMOD,RU
iBelieve,US
taftaflexenope,FR
wizzfizz2097,AU
Cruisingbean,GB
Joe40428,AU
Crazychef97,IT
DopeAPotomusRex,NZ
rbtying,US
Kurtn,FR
AznPersuasion,US
AndrewGreve,US
Love_Wizz,BR
Lonewolf_2467,US
BattleToads,US
Sinbearer,US
EpicTube,US
Myshowbro,US
Reaper54,US
Panther20,US
Frugys,CZ
CatalanJesus,US
Airfall,CA
CornKernel,US
daddyleftme,US
Artemis111,US
Cortez345,HU
FlashSwaggins,US
Bofadese,US
Tragic,US
bluti,DE
ZynLaden,US
MastaBlasta919A,US
Mr_Clark_Nova,US
TorontoNick,CA
Achillesmsg,DE
burningcpu,US
Gyromite,US
Cpor7,US
Scantron4th,US
slidercraft,AU
NOMADBROADCAST,US
W_T_Hail,US
Sylphrena,AU
Slebo,US
Acmed,CN
huyct12345,VN
SOLOShaun,US
Realmso,US
zaidka,CA
Auqia,US
starcraftman,US
BattleShorts,NZ
aikatsu,US
ohhh_hollow,US
WillGetWorse,AU
Rigaley,AT
PachoFTW,US
TheTrueSneak,US
SirSmokeAlot,AU
smewhere,CA
TheWildTk,US
Wintergaming,US
Anaya,US
backcramps,US
ThatBred,US
Dradami,US
nezrel,SK
dikobraz,US
[AK47]Dovich25,US
SaintCat,US
skymarshal,US
Ozyias,US
Morgan_El_Johnson,GB
CalenHawkeye,AU
[Crd]CoralEnjoyer,CA
_Frost_,US
GeekBar,US
sunRay,US
Bobtree1,US
FennyBarka,US
Bambsti,US
swarmguy,MX
storms2000,US
gr8trgood,US
DoomPling,US
reedo_uqueanum,US
[Crd]Princeofkillz,NZ
prigoshin,MX
GickyGackers,US
Freddd,US
Biggest_Blue,US
beep_bot,US
FullESiq,AU
BeyondAllIQ,US
Fishydids,GB
Lomelli,US
Tilfidius_Lamarre,US
Merc[X],AU
Gwapo,CA
Rontonimo,US
TedGunderson,US
Aneyh,US
Masolortius,AU
[CHLE]GatitaMimosa,CL
[CHLE]Paradox,CL
AcriFoe,US
Rampager,US
Kal,US
Akira_66,US
Anthrozil47,US
Sosseres,SE
yichi,US
liveandletdie,US
mohaa,IR
JabberWock,FR
GonkyTheGreat_TTV,GY
PRO_BCTV,US
alexbay218,US
MrTimepass,IN
genaro,AR
SvgSpartan,US
zeroMotion,US
darkstaff,US
hearoh,AU
MikeIkeSter,US
aphelia16,US
xanatos451,US
Chinetter,US
justmatt12,US
OverlordTH,TH
GreenAlien,CA
[RUNTZ]pizzatime,US
JNetoYT,BR
lvl4rk,CA
CowOfWar,US
NotGuyAtWork,US
Barz123,CA
Sukhumvit[7x],TH
StickyMint,US
bentheninja224466,US
auzzy66,US
1MoreAfus,US
LaneWrecker,US
EatMyAfus,US
misty878,CA
FusRoDah,GB
Vigath,CA
ThisIsReal,US
EmpowerGaming,US
lukemedoo,US
spAcecoWboy,US
Spid3rman,US
swimingdude,US
Storm_of_Steel,US
Knightofprey,US
FlatE,US
Airin7,US
PotatoesHead,AU
Shadowfire_Lamb,US
suavacado,US
pelegray,US
freddidthat,US
Doominator10,US
[HypE]CommanderBrad,US
[HypE]RupeDogg,US
Xeno1,DE
Crawler,CL
ntneuroo,US
FlowerPowerr,CA
ken123ofss,HK
TheMarcoMundo,US
gumpgump,US
AG0NY,US
ZuhgZuhg,MX
Brogle,US
pickled_meepers,US
MrSirSpencer,US
Blacksmith,US
Deathhound6,US
ZeroBellum,US
Hawk_Allen,US
ParadiseLost,US
CantMicro,CA
Cuhnadian,CA
grethed,US
thetyrian,US
dynoultra,US
supreme_noob,US
Robathor,US
Fakepilot,NL
Graveadel,US
Raspail,FR
Inadaze,GB
Alpha_Lucia,MY
Starboy1212,US
vX_Serberus_Xv,US
Timhooligan,US
[NUKEM]irishparnells,US
Arthoro,US
TwitterBird,US
CupOfJoe,US
grizzly,US
grunty123,AU
PhlipFlop,KR
Cvella3,US
Cwils314,CA
Teagueanator,US
DarkerThanMax9,CA
kyrioslee98,MY
Gaming_Bird_117,AU
Laying_Pipe,AU
nexus_falling,US
[0],US
FishApe,US
BigBoiCollin,US
PoopZaddy,US
Jaysic,US
Undertaker20079,US
Brodo_Swaggins,US
RicFlairDrip,US
brodyiscool,US
LordClint,CA
Ramiel,CL
thiwinboy,TH
firmanda35,ID
sevo88,US
AggressiveNapkin,US
red667,AT
GalacticGunner,CA
UniversalUnit,CA
HydraX,US
Spike05,AT
Lvcky_,US
or467,BD
Lazarus420,CA
assad45,CA
2Praenged1,CA
PhusionPhil,CA
Crazy4coke,US
susie5935,CA
GlassClouds,US
Over_D,US
almostundone,US
endifly,TH
fibonacci112358,AU
Mjinor88,US
ApolloEvans,US
13erry,US
LoyalDrone,US
tonasaka,TH
Ecoplayer1355,IN
TheRealestD2,US
[Crd]RockCat,CA
Juixy,US
sexykebab33,AU
KeepItLokiTho,US
Kululu,CZ
dangodangodango,US
Wilcoxson,US
Norcia,PL
DeltaStorm,US
Dark5tar1,US
Cavedogs,US
guidokuite,NL
Darkleaf,US
Kevinspal,MX
pydrasparadox,US
WarNerve,CA
Xerin,US
[Crd]Kraken,US
BARnacleGamer,PH
caporale,US
Pigon8,US
styguy,US
Nevrambaiel,CA
hiho,DE
warpath2021,CN
MeatSlipper,ES
BOUNTY_SHOT,US
BenjaminCounter,US
Piggeh,US
Skeezy,US
Potsnack,CA
SARGENT4LIFE,US
beansdaddy,US
Enderlm,US
Tyber,PL
CNN,HK
Choupe,US
FullMetalMachinist,US
Cloverfield1990,US
Anexreaper,US
LordBraxton,US
Cristokos,US
sefwan,BN
Gazbit,AU
mczern,US
8obo,US
saturnal,US
daluke182,US
Lattuga,AT
billy_inorganic,US
Bleak,US
MalusDark,DE
UncleZee,AU
NightKnight190,US
Mr_McFlex,US
EpsionAttack,US
FlareGo,US
Toasters,US
JTCsour,US
JBLSpeaker,US
RALMAZ,UA
soy_feind111,AU
IVK,US
perino11,US
ztaylor16,US
Alex1st,CA
KagaTosa,US
Regal_York,US
warquin,PF
Cubey42,US
NewBot,NL
janky_boi,US
ArxoszFrost,PH
Cocaine_Bear,US
tidy_yak,NZ
self_username,US
[13th]darman74,CA
Wolff_Adner,MX
[PotatoBar]Lumin8r,US
iowa1948,KR
chicken6,CA
danada,JP
JingleHeimerIII,US
Wikkit,US
VictoriousDead,US
GreatJuan,US
pathevim,US
ANALLIGATOR,US
VenomJoe66,US
Nekrozsis,AU
MagnoBro,BO
[Ginyu]Anemone221,US
SwissComet,US
INTRUSIVE_THOUGHTS,US
AyePapiNoStoppy,US
PickledLettuce,US
DeRandom,US
nightowl7403,DE
cocoapuffs411,US
MightBeToxic,CA
kulny,US
wrinklycow,US
MoneyCosts,DE
MarsTheProtogen,US
BigJugs,US
txpera,??
huk123,GB
IgnisFidel,PL
Jammaken,US
jsf,BR
SupperTime,US
aleee,BR
mino2187,US
plastodermy,US
BlindKnight,BR
[Rush]CreepingFox,US
ElMorrison,DE
Fertski,GB
Killobytes,US
Piss_Fist,US
The_Mr_MASS,AU
Catloaf,AU
St0nedeye,US
Deagol,US
crybrogshark,CN
AuroraTheChocobo,DE
ChattyWaffles,US
toxis,NL
c4commando,CA
Buzzwellman,CA
WhosSly,US
Choc01at3cak3,US
Nelrokk,NZ
Funkfoose,AU
RixiePakuna,US
iberes,US
flameink,US
chrisPjew,TR
[Knut]MitchTheCat,US
[Knut]Skylartk,US
Mustafa,DE
asinatio,PL
hongy,CA
Gloomfrost,CA
Solidluck,US
destrctve,US
wW]Warlock,US
Sauced,US
SamsoniteMines,US
nowakowr,US
Johnsfumblee,US
Grombert,CA
dtop,US
KnightV1,US
LavenderSalt,US
ace91,US
crzcmd,US
TheTallMatt,US
Sir,US
[iS]BarscrewlSports,US
Emiiru,PH
[WYA]Ya_Boi_Juicy,US
baloneysammitch,US
Narvs,US
Sm0LL,US
Woo,US
AMug,US
lincolnsbeard,US
JOKESTER215,CA
fentaholic,US
Yseran,AU
SSTEVO78,US
Fallen099,PH
Kiradaki,PH
OGReckless,US
Hyperion5804,AU
Torra,US
chaewon,US
Palus,US
LoganoStefano,US
[UNN]Tazville,US
zaynedewitt,US
jriggs372,US
Catman2312,US
cmdrkwanzika,US
Satelite,DE
kostaspro,US
funkywhitecat,CA
Juxstapose,CA
resource_hog,CA
Tomayachi,US
Anoreth,TT
stankalicious,US
ChapStak,US
icemar91,CA
Rusticscruffy,US
maurerr,US
GDSlaya,US
[Crd]neonneux,US
Trit0n,AU
Catman,US
AceR1mmer,AU
Andrearefi59,IT
UnBRoKeN,CA
JDOG75,US
macoaure,BR
esweetie,CA
BilboTBaggins,US
gatefire,ZA
Ranger934,US
gruju,AU
KeineZeit,DE
KingCaveman,US
Malfunctiond,US
tbytes,US
DiceOfSeven,US
Aleczacool,AU
MackD,AU
Fox799,US
PhantasticMa,US
RagingAsn,US
wombatsbad,US
boozing_n_losing,US
Ahrim,US
Turok,JP
[Stud]Irishstud14,US
OPNUX,AR
SentientWaffle,US
Unstable,AU
[W]AgainstLogic,US
InebriatedYoda,US
FerretFrenzy43,US
Army_Of_Ticks,US
abelo,RU
Sadist,US
BlueFrost,US
FriendlyPlayer,US
theehank,NZ
[Crd]SOLARTV,US
StOs,CZ
[Crd]Norfei,CA
Vismundcygnus,US
VESTIAS,NZ
GDI8421,CA
alphaforce99,CA
TheAnnihilator,US
Anvil_SuperHornet,US
jdweak,US
Cowster9889,US
bombaclat,US
AutisticAlpaca,CA
Flyingdragon,US
crimsonMP,US
Kingsix,CA
OTELi,RU
reseverything,CA
KXChubs,GB
NickedByAutism,US
WulfricDrogo,CA
Wanderer,US
admos,CA
chillspine,US
Milkjunky,US
ThEbigdomp,US
Swanny,AU
sebateses,SL
Rekerr_,US
Gippin,US
Cinphul,US
blendoh,US
ccerberus,ES
Cthulhu_dreams,US
bigwilly,NZ
JackCheeze501,US
MrAlarmy,US
Omega22,US
CHODE,US
PoppingPopper,US
Noob01,IT
Rick_and_balls,CA
worstorphan,US
Divine_Blunder,US
Afasia,US
[RUSH]Fahargo,US
thebes,US
Kronos1024,CA
dal3,US
SaNiTyZa,CA
Angrybird,US
WedgeAntillez,CA
stanley85,DE
nightmare_DMZV,PE
jasonakagecko,US
ghanbit,US
[BFC]Fullchord,US
BlackBart,US
Plorthos,US
Wherewolf,US
slim[]daddy,CA
Spookums,US
huser,US
wefwf,US
phalicwizzars,??
Smackables,US
SOXO,US
ImNeverDying,US
BasicAI,US
TilTPleb,US
TurtleJuice,US
CowCowCow,US
Sisu,CA
HyperEschelon,US
277Syzygy,US
Rtyuim,US
Xizakii,NL
Darcova,US
Wyrm,CA
EdoVision,US
Swaggerlisk,US
[GRUMP]cnkid,US
RailgunLadd,US
XelaFyre,US
UwUVincento,DE
Boom1234,US
Tytytyty,US
mysticc,US
LightWire,US
F0urth,US
ACMAN,US
RiseHeaven,NL
Dubhdara,US
fightBAR,US
Asciim0v,CA
hell_regular,CA
xyz360li,US
thymey,US
Fonjavters,US
DoorMat,NZ
MusicalCorgi,US
Taii,AU
mistacheevez,US
AndJRew76,US
_TheJanitor,US
EvolvedMonkey,US
Helgorath,CA
PlasticUrethra,US
Hungreh,US
[Crd]CowboyQuant,US
BADatBAR,US
A_Lias,US
Sentoku,US
Someones_problems,US
ZtheB123,US
Tele,US
IronEyes,US
avezey,US
Breezynoeasy,US
500_Cigarettes,US
epicjonny312,AU
CrimsonIvory,CA
handrolledgoods,US
SomeoneAUS,AU
eldritchpursuit,US
FromTheDepths,US
PaPa_Smurf,AU
Bugzer,US
Amarantz,US
Perry12,NZ
ThugShaker69,US
Spleeni,US
Zaygr,AU
Iceules,US
OldAge,AU
Luna777,US
tannybabby,US
Catkiller1291,US
Trentters,US
Soozi,US
othelloex,??
Ryomae,US
Tipped,US
TurkeyNinja,US
Austining,US
Jaimegaba,MX
GorGor,US
[DrG],US
Remedeeze,US
SupremeBeing,NZ
TimothyMatlack,US
Vanaja,FI
4ndy,US
TNTremor,US
eyu100,US
Mizore,BR
codephoenix0,??
BeastEater69,US
panocc,GR
fightwar,FR
xiaoyang1941,CN
[Crd]Scotty2Hotty,AU
jagori78,CA
Teradactylman,US
ponchovy,AU
TheMadKing,ID
Dinna,US
Ratothy,JP
GabbaGundalf,DE
BetterRun321,AU
[WHAT]Malganath,DK
SquidsMcGee,US
Tony_Triple_Shot,US
AlsontSnow,US
willyd00,US
chilko,JP
GalaticWarrior,US
Ecanaan,DO
itsMeko,DO
BlackRooster,US
gunitexpo,IL
ThaKingdom,US
Intranetusa,US
logorg12,US
Radgris,MX
Aeronautics101,US
chicken_shawarma,US
JuiceWillis,US
dangerhotpants,US
Pipinoelbreva,ES
Brantime,CA
PlazmaFree,US
Treety2,US
KY53RR,US
DiciplinedSkipper,US
GlobalBanks,US
jarhead3321,US
fin343,US
rexz,US
Reier49,US
Grond_,US
Tuck,PL
Ricthum,TR
Bodhisattva,US
DayZKnight,US
K3LP,US
TLGorilla,US
Tetch,US
Jamtime,US
Preachamain,US
Buttersidedown,CA
BlakeyBun,US
NodnilKrams,US
Rosie,GB
BabyHeyzeus,US
Project_Liebchen,US
maverick5768,US
xxQue,US
100ThievesHoodie,US
GagBag,US
DJNenjah,US
batmeanie,US
naiveagle,US
SeggsyDave21,US
[Penne]Dekku,CL
LEEROYzz,CL
[MD]madlove243,US
xsalorisx,US
LLT,NZ
OpticSeagull,CA
bukokins,US
Sanctustego,US
Blucifer,US
Otapack,BR
pintle,GB
sweetlou,US
HEADE,US
FatMurica,US
noabulo,CL
NobleSix,US
deathtortoise,US
Kbot_my_Ahole,US
Nordloaf,US
dav01d,US
Gregorski,US
Vlyxnol,US
Cali,US
LolasBandolas,CL
Echommm,US
ElGranEagle,PE
mathgod,US
gergsthegreat,CA
Entel,US
Cr4cky420,DE
Mensis,FR
TinyWaffles,US
gram,US
Joski,CA
FJJOM,CA
Nyry,CA
Wingstorm,SG
DaleCooper,CO
GamersGarrison,US
PhallusMan,US
choom,US
jmd019,US
[CRD]SILVER57,US
Menticide,US
Soon,MY
Hassathur,US
bluebeast,US
handaz,MY
vyneash,MY
c0y,PH
wuyu1988,CN
hamb,US
ThePOCKET,US
ImpossibleDragonfly,CA
Soton,US
Khain007,AU
Ploy,US
trabuco,US
polink,US
Litier,CL
Fera_Mazaree,GB
TomCatx,US
Xodous,US
JackSnacks,GB
FrostyRPH,US
DevTheDumbass,US
stahtwo,US
Shiftyrph,US
pro_griefer,??
BANBO,US
Itsonlyme,US
TheDude39,US
CazyRampage,US
Schaapstick,US
yyyy,US
Beach_Head,US
Caporal_Sram,CA
[CALI]Operaboy,US
Boold88,GB
FragileEgo,SK
Noobmachine,US
Roman_Empire,US
zyzyx,US
guiguo,BR
HeliaXDemoN,BR
xpineconex,US
jteglissededans,LB
ErencanBeast,DE
AttilaTheHunies,US
Panzer04,AU
Muffinaetzuwu,CL
Swaff,US
venom0101,BR
warb0ner,US
Leemon,CA
lilgrub,US
Drago0097676,US
Cole_,US
Slamsky,US
TheStrich,US
MEISTER,US
ElCaganer,US
LUKURISHI,BZ
Meurlin,US
Salosin,US
Thancit,US
Maesis,NO
FlaminGator,US
EveydayOreh,BR
Deimos935,US
yipiedoda,US
[KILL]GoodGaming,US
[Tizzlers]Anathemls,US
CaptN8palm,US
Ligson99,CA
Brisarge,US
sawize,US
BlitzKreigN0rm1,US
brunius,AU
Zim117,US
Pandaviking,FR
ColonelJ,CA
MazzPlays,PT
choobacca,MY
DecoyDrone,US
ChateauErin,US
pv2dickman,US
CrimsonSushi,US
3RDi,US
Sireth,US
DDal_nyong,KR
Cave101,CA
GraceJuniper,US
RavGod,US
jccdenton,AU
xannah,US
GufflesMcBuffles,US
ManBearPig_,US
celestia_1x,US
walker7906,US
Nepal8008,US
Scunga,US
Oofolotl,US
regeo,US
Gamma00,US
Anarak,CA
Integritas,IE
Parawitz,US
MossPigglet,CA
Noavy,AU
Rovanech,US
AllegoricSiren,US
irongunner1224,US
[PEW]Ph4d3r,US
Spank,US
Specialz,US
Remedial,CA
ThingOfThePasts,US
sdwmaster,US
MessyMagicstick,US
SeuDigao,BR
Arastais,CA
Fatjake,US
[RUNTZ]MechaObama,US
pinkyfull,NZ
Aurelius,US
Garool,US
Soulgrot,CA
Nate8,US
_Spekkio_,CA
BetYouRageQuit,US
Railgun_,SG
HoDa,US
CaptKirks,US
Kidro,US
Climatechange,US
Mb_651,CZ
thulle,SE
Skymirrh[BAB]Lob,FR
Thugnificent2,US
posistomp,US
pineappledan,CA
fortytwo,US
ReeseLOL,US
transientfocus1,US
DarkandDarker,US
YouGotTariffed,US
StarFisher,US
Shooters_Shoot,CA
LiSimon,PL
[Crd]Taeze,CA
Zenehet,US
[Crd]VerdePlus,US
SorryImDrunk,NL
yolo,US
PurplePatty,US
SirPrize,AU
Zeenu,US
Bean_Bean48,US
FireBlitz8404,US
DemonSlayer696,US
prickly,CA
Weed_Seal[OMG],AU
TurkeyNugget,US
Swervin,US
phart,US
Shockrateze,US
tweakpre3,US
Willy5233,US
Saun_e_z,CA
johanlee,MY
Lachlainn,US
ImaNinjaSloth,US
MrIam01,US
Mardorf,US
ZanDurr,US
0Shock0,US
bulka2and2,RU
scak,US
Soulstream,CA
cuppateaa,GB
dirtydixie,??
Bone_Zone,VI
Best_Bot,US
[Crd]Curufin,US
[Crd]Railside,CA
rickyzaza,CA
Davis,CA
ClericNefi,US
Kira_Kwong,US
Starbolt486,US
Irepssos,US
ITZturBoGan,BR
PapaHanks,US
CtrlAltDel,AU
Crumblin,US
[Crd]Xefron,US
The_Phantomist,US
GamingFreek,US
recigio,BR
SethTurrible,US
Melky87y,AU
Neb1337,AU
[CH]Digitalwar,CH
KriegChiffre,US
zugggsss,US
Pwny,US
SpaceBucks,US
resolvance123,JP
Hzzz701,CN
GILIGILIBOOM,CN
xMinerBoy,RU
MolePlayingNice,US
Bluebarry,US
Ramivant,KZ
The7thSpartan,US
Atomic_Rooster,CA
Trintro,US
deathstalker14,US
[WMFF]hoffyharold,US
Ultra_Gorgon,US
Guntbutt,US
Larrysummers,US
Furina,US
MonkeyFishFrog,US
Grindzone,US
daler,CA
TotenReaper,US
LunarNova6,US
amasawa,DE
DieNudel,AT
cmd2v1,PY
Kenthedev,US
MistsOfTime,CA
Mattlock,US
abstered,AR
purple_guard,US
gusampaio,US
waglcf,PY
P_Feathers,BR
Jordylaforge7,US
durtyrandy,US
DHisaME,AT
Oysterpuff,US
[ZFC]Rovan,CA
Arlokken,CA
Numpkin09,US
TheSkyWalker,US
RedRuin,DE
Rimmer,NZ
Krydunk,US
engiflight,US
DevSerORubens,BR
1543553194,US
MazerMetroid,US
Hunterdan,US
Gpoc,US
Kromok,CA
ChillsonMyWillson428,TW
Dudknee,US
[DGD]BlacKSaoW,CA
Catz_,US
Slayitquick,US
kaiotcp1,BR
Gushparo,US
Heretic666,AU
The_En3my,AU
Merrr213,US
[Penny]Anklebiter117,US
LinkLink1,US
SethAlamut,DE
ANOnimouspr23,US
techloop34,US
dantheman65,US
ben65,US
Cizjut,MX
Langstore8,US
Endlingg,US
CarlSagan,CA
Ezekiel2320,US
Aetherfiend,CA
Bountzy,AU
viking50,BR
reddragon2010,GB
rossyro,US
modulo,GB
Hasinfefa,CA
camtheman21,US
Lion505,US
Raz044,FI
Backinblack2000,US
Excalibrate,US
timbo82,US
The_Great_Leader,US
[KILL]akumar6,US
EasyCommand,US
darksynth,US
Testyobject,US
iriS_xe,GB
ElZabbix,BR
PlatinePuss,CA
Oachkatzl,US
Trawc,US
blizko,AU
TDO,US
DoodleHero,US
TrashPanda12,US
kjs1430,KR
bababababa,IE
Dr_G0nzo,US
Myrdhyn,US
Banitzu,US
plewdew,US
TheThurst,US
[Tizzlers]Robbie,CA
[Tizzlers]Ivan,CA
FrankyStigs,US
catfleas,US
VikingBunny,US
HammerManner,US
[CRD]hippiecrazygame,US
LGN,US
tempash,US
Impuls3,US
xXiPanik,DE
BARSETLOW,JE
WasntMe33,AU
axle66,US
gimpflamingo,US
MidNighToker,CA
Bone_White,GB
P3aCeKe3Per,AU
SCHNYLER,US
Anonicx_Twitch,DE
Buttons840,US
Ezreal,CA
iLosfer,EG
leftheart,US
MANApotAmoose,US
boomkage1,US
Bouchmuad,CA
[gecko]thebluegecko,US
dandiestvoice,US
Auroraa,AU
BARtharian,US
ez8ez8,US
thecaptain69,RO
Yarlodin,US
xXEnderXx,DE
Bonerider,AU
SargeW,US
7Leguas,PT
RetroChannel214,US
McDontCare,US
learning_to_aim,US
SaltyPepper45,US
CrystalErg,DE
SirPatrickston,DE
SOLARTV,US
PapaSmurfTV,US
[Crd]CreedGuardian,CA
L1fe1shard,CA
technogypsy,AU
AusDropBear,AU
breso69,AU
phaceman,AU
fatbrick,US
bionickatana,US
Nikalia,US
Arcanine,CA
Harvardboy,US
Piekillan,AU
WarRTS,CA
MetalCannibal,US
Sunshines,US
HastaQueYa,BO
IDKFeckingCaitlyn,GB
DGWTR_SOL,US
s0uthy,US
GoAgain,US
ByrdXye,US
rarblaster,US
TrollHardGoPro,CA
Tronix,DE
SlighT,US
bSkwared,US
OVERLORD_1545,US
soulfeud,US
Hans83,US
GeorgeX14,US
Amrghunam74,OM
ziadelnoweam,OM
usef,AE
philster1,US
hunsteve,US
TropicsBlue,US
GumaBorec,DE
KingGoon,DE
TheHonestJock,GB
SneakyTurkey,US
RADIATION,IE
Jakkal,GB
Psyco12,US
Zira998x,BR
Noby707,US
ak_4769,US
Lotogblo,US
B0chit0,MX
Ultim_8,US
Howler44,GB
Telamonio,ES
DankShaw,US
windplume,US
CrashnBern11,US
N00b532,US
IAMBanana,US
PicknFlick,US
Buckyo,IE
mackin1000,US
evilarcade,CA
Zapman,US
Flibbius,US
KodiakN,US
KHKH266,CA
gatts01,MX
Iajgreed,US
ChaosFin,CA
01Killa,US
Zmey009,RU
MrBoss,US
Batya_vani,RU
Stauffenberg,DE
Gelatinous,US
kopijos,ID
ograptorclaws,US
JunctionFatality,CA
Ortho,CA
SammyClassicStarfox,US
taschnell,US
jdrandom192,US
TheBattleBandit,US
phin,PY
Arkumene,US
Colonal_Sandars,US
[ZFC]Kaldra,CA
Nantrix,US
nonamesleft,AU
Minerthreat,US
jetmistro,CA
Credcolt,US
Raging_Kittens,CA
RosyPosy,US
DualShield,US
FallenSaber,US
Zooxss,US
boskangeroe,BE
TerrorMist459,US
Sappy,US
Phosphophyllite_HnK,LV
[came]Poobie_brown,US
SouLz,US
Khawa,CH
CavemanDNA,US
JeffreyStones,BE
Nethera,US
Vand,CA
Namerlight,US
MaliceStriker,US
bot_slayer,US
[TX]Stock_Standard,US
Matt1030,US
VictorHugoForYa,BR
Hectate,US
Treetag,CA
deathbnimble,US
polpo,EG
Alkolyte,CA
MorePylons,US
I_Lose,US
Lachx86,AU
LadySerena,CA
GreyAncestor,FR
HoldMyWeed,US
LobsterMeat,US
JulienFullHD,DE
Americanair,US
ARM4Ever,GB
GodSavetheQueen,US
ThePalice,US
chronickilla,US
sitchblapper96,US
stepanko,CA
witcher13,SK
twodeepjay,US
WhiteChimpGhost,US
DummyIsChad,US
SillyShelburne,US
ismellyourfarts,US
[Crd]Elvarien,NL
[Crd]nimb1emongoose,US
Icywave,CA
LePedroBear,CA
Modinator,GB
BarlowGz,US
Shulkxz,BR
DocMorrison,US
GodAlone945,CN
zildjian,US
lopez775,US
GoblinLoaf,US
Sunbutt,US
mauzer,PL
POPCAP129,US
sonatabird,US
FuaK,AR
Pyrrhus,US
YogiSpaceMarine,CL
AtivanStat,US
Atmoose,US
IamWeirdandProud,US
VVV345,CA
xxkyl3xx50,US
NightPickles,US
Enlil,NL
trobeu,CH
TrailingSpace,US
Radiclplains77,US
Glaffo,US
exibo,RS
vPotatxz,US
seaworthy,US
BiggusDiccus,US
oliihotshot,US
W1K1D,US
DragonBorn63__,US
[DGD]Chalupa,US
LilJuana,AU
Swordfishplays,US
[DGD]Veezo,US
M_a_v,US
[DGD]phrozenflame,US
XxStormKittyxX,US
PaulieDee,RU
Motion,GB
Criticalwave,TR
[KILL]24Chicken,PH
wirenut,US
BustedBrain,US
[RUSH]PaulAtreides,US
[RUSH]Nathan,US
MSSNGR,DE
Alistar,AR
zayzayy,US
SankPammins,VU
Polack,US
susterdi,US
harmartiansin,US
LouValen,US
DraconicViper,US
Canned_Possum,CA
ptsd,US
Bonafe,BR
Fonso,BR
Beichtvater,DE
rktpanda,US
cronshen,US
[Crd]Warriot,PL
[Crd]lylewes,US
NTGuardian,US
KelZer,AR
Mankiandingin,AR
PacksGotJets,US
20Afus0Unit,FR
Orii,GB
RangerMcDanger,US
SweetTea,US
Gewinner,DE
Christopher761,US
powerplay,US
alherika,PH
BeauBiden,US
Ronnar,US
Heuristic_Vigil,US
HunterBiden,US
Tatoni,GB
MadCrabb,AU
carloh,NL
dballoons1,NL
StarryArya,KW
RamenRook,US
QLnn,CA
Axelottol,US
iusetheinternet,US
ZephyrSkies,LEGION
Herthar,FR
That_Guy_42,US
noidzz,AU
Prometheon,US
PercivalTheRed,US
b3lik3wat3r,US
miggles,NZ
shadowdin,US
Smithral,US
MrMoeLester,US
SilentFox,US
Glorer,ES
MuteSage,CA
TopCat,US
CrzyCat,NL
oneluckyduck,US
[BOYS]Ljeffe,US
assembly,US
AllOuttaGoofy,US
Erun,ES
betterstrategy,US
87ii,CA
Andromeda1,NL
DatCoder,BARB
Bobbyy,DE
DarkGandalf,US
ComplyingMalicious,CA
ThatOneGuy,US
Applearm,AT
PROt_Ikreist,HK
Dnii,DE
Ahmunrazhull,US
BurntBacon,US
ShamWOVV,US
WhaleyGaming,US
Halfmoonangel,CA
CuylerE,US
Popopanda,US
Byte_Me,US
LauWGOD,AR
Scordons,US
SlamdorSpillionaire,US
Scopa,US
Brontide,US
TM_autopilot,SE
PRO_pretor,ISO238
CabbageMuffCabbage,US
coolwas4,US
aych69420,US
Enviroment,DE
AtlasEins,DE
RCG_on_YT,US
Venom,US
mythmaster11,US
Warrior81,US
Matta_tat_tat,US
Mar_Blazer,AU
shanoTK,US
Nova_Dreadnaught,US
NekoboyBlue,CA
annoyswell,CA
Shoreshire,US
Protato,AU
Jon_Isk,PT
OgThunderShaft,US
Unclespanky,US
mhmoud33,EG
Order,US
toki1416,US
Krackatit,BG
jando,US
PainKillerZ,GB
tommythecat,UY
Patito,AR
AdmiralSneider,??
Gearshark,US
Hust3blume,DE
FightyPunchMan,US
feelsbalanced,BE
the_RAG,US
YawRaw,US
CafeConLeche,AR
Morpheuz,DZ
Acquati,BR
truco,US
Bigodehue,BR
HumbleSky,??
Secundebr,BR
[BDI]mychael245,BR
[BDI]hikari_kira,BR
QuacKdislikeswater,BR
[LAM]Runen666,US
[DGD]Wtfez,US
Nunu876,US
XenonX,NL
Vhaus,US
gsss101,US
SirScole,US
jayjutsu,US
cylant,US
Anathema1979,BR
Jaedrik,US
fatiga,BO
Red_Flag,US
THEREAPER,CA
Seyliz,AT
popol045,FR
sukisunako,??
MyNameWasTaken,US
gri77y,US
sixrocket,US
Kimi7,AT
snowwire,US
Struffles,US
Venku,CA
KnightPious,DE
dracula_throw,US
Callomir,GB
Axolotll,GB
Flowers,US
AkulaXD,AU
CurseMorio,US
Shamskii,IE
MashStudios,BR
[OWL]leobase,DE
[PATb]Takirume,RU
LARincon,US
Dillis,US
Relentless,US
construct00,US
Rezor_Rekt,US
Craeox,PL
ColsarFireLord,US
Fchen,DE
KALEEEB304,US
Androsynth,US
Drypuppet,US
bootyman01,US
Swolbold,US
BlindZato,US
Scrotum,US
madpoet11,US
Horlof,BR
PabloMcCornFIsh,US
Methodical_Killer,SE
Shieo,VN
squirtlesquad,US
PxSparky,US
chironex,CA
RZuna,PT
LOLOPOLO,AR
8bit2slow,PL
bobsmith4,US
Tramicful,CZ
AStrawHat,CA
jok,NL
BillClintonx69,US
Brentonamous,US
SKFEM,US
Nightsaw9,US
snoopdonk,US
wttc,CN
LeakyBot,GB
vorple,US
[CC]builderofthecake,DE
stampsm,US
Pum1,IT
SpeedBracer,US
Paddu,GB
phatom8,CA
Lanark,ME
OsoTheMaidenless,GB
LuxFerre,GB
Spinnyt112,US
GirthSocket,US
FrogMilk,CA
Dabstar420,CH
Payasoliquido,ES
Noche_de_Porros,ES
TheGouda,US
Leolion45,US
1bib1,PL
sasytre500,US
Arkioner,ES
[Crd]Luciferescu,RO
tjDaugaard,DK
Charthas,US
bobesponja,CL
Joe_,DE
Nathan,BR
Qwewewe,??
[DmE]Glizzy,US
vetoz,RU
PapaChillin,US
SandDemon2,US
Jutkanene,HU
SirMarcelus,DE
GigaTyp,DE
stochast,US
Harambe2223,US
HighFood,SI
KaroDino,US
Trotski,HR
godflesh88,CA
TheJesusChrist,AT
Ballin,US
Bochombito,PA
Nekuodah,GB
Troopie,KE
[DmE]Zamm,GB
lilasasin5,US
UnknownNL,NL
Wizer,IE
CriticalError34,NL
Demonair,GB
Hyper_Spectrum,US
Jero13,ES
PipAlmighty,US
avoiceinmyhead,US
Flammen,NO
Prime,US
SmoglessBat,GB
MrotherBan,US
Rumple82,US
TheTrueYisus,GB
Slow_Yota,US
savagerazor2,US
[Tizzlers]jtlandrith,US
SPQR,US
gibmiser,US
Macaroons,US
JediLuvs2kill,IN
ImYourDad,US
InsanityProbe,US
[Crd]BirdieWhirly,US
foozone,CA
EnragedAegis,US
Kindling,US
CptJoe732,US
playboycheriossa,US
KoolBeanz,CH
speddyteddy,US
cobram19,US
localfiend,US
KolKhara,US
Hamsterbacke,DE
Computer_Easy,SG
Nurgling,CA
ColdFlame53,US
communismhater,US
bbtomyydd,DE
Shadeathsky,RU
Kiss_my_dog,PL
MagnumTutor,BR
[GRL]hioumo,BR
ReformedLeaguePlayer,FR
Kingmax009,US
[BDI]MauroJr,BR
ttsleepybalboa,US
Szterix,DE
[GerBoyz]Gmrb,DE
butzeh,DE
AgentAOK,US
Line_Eyed,US
Jigthegoblin,US
tenkagu,US
pickle88,US
TibsMcGee,US
Mecha_Princess,US
Unarmored,PH
finleyyy,AT
[987]Morcke,FR
LeperchaunIVXX,US
renegade117,US
DJONY,NL
Vuko,PL
DAMO_,AU
Actually_not_ok,US
GulagGary,US
Nachoman,US
daydreamblvd,US
rhiezy,PH
CoffeeMain,US
Wurgel,DE
Lipar,US
dddcubed,US
Daev,NO
chud_bungler,US
chrismens,DE
Kehvin,US
[BAC]Boozha,DE
DetrytusO,PL
union,US
HamoodLovesYou,CA
vinmonopolet,NO
mua69,IT
Hallo102,DE
jedilow,US
Golab08,PL
Joka1988,GB
devdev34,US
smig,US
Sux,US
JOEMO,EG
bob7,NL
mysticalhunter,PL
Arch_Indar[ELLI3],GB
Devoter,US
Kyle_Averyx,CL
Dixinormus,??
Age_Of_EmpiresII,US
LeParesseux,CA
potok01,US
Tippoma,US
DeathKiller_rt,DE
SnidelyWhiplash,US
PuffyCloud556,US
CriticalMass11,US
Reecyboi913,US
welshwizard,GB
Fang1214,US
Jasza,PL
boomcoksaints,US
Rhodesia,US
TotesGoats,US
dobbyr,GB
DungFisher,US
UberMeer,US
becay,US
Errorovich,FR
SirSmokesALot,DE
Tink3r,US
fairyman,US
Spacekitty,US
Starkowl,US
[BDI]PeeeT,BR
[KILL]HelixMajora,US
Man_With_Habit,ZA
lil_bread,ES
Davosgrant,US
palm1ma,US
Shuby,US
semperidem,IE
SillentStriker,BR
sadwintervibes,SE
initzero,DE
happysummervibes,PT
wintertrone,MA
Hexey,GB
BigmurryDAdean,US
wildsage,US
djmad,AT
RTS_Vibes,US
Verflucht,DE
Xiar,US
hlr64,US
darthbuddha,PY
[mlg]skywo1f,US
Purrsephone,US
ProROCK1408,RU
Slslookout,US
BushySquirrel,AU
Darthcorey,US
Siphonife,US
BowlOfRamen,US
Wetchicks,US
LaFlame,PT
speakerphone,CA
OkBoomer,US
T600,PL
ArchaicSith,US
Heavypig,US
DOUKNOUKKEM,FR
WhiteSyrup,GB
[APE]Jagomu,US
Karakar12,CA
Floophead_III,US
Tsubaki,CA
Chtorrel,FR
Crafter,GB
daddypain,US
[BAC]Marco,PH
bomBARdier,DE
Liizz1990,DE
StagnantWater,ZA
Slayer12242,AT
Stefan1156,AT
Warmal,CA
Web,RU
Dorde,RS
SeductiveGoblin,US
Wildside331,US
kale,US
jomax,US
pespimaxking,AU
Hucklebaby,US
[PLC]Skorowid,PL
Catastrophic235,US
katarn101,CR
NoobertSupreme,US
kosh271,US
Helios157,CH
NotMyFaultWhenLosing,DE
singed420,IQ
LastDepth,SA
shilmana,IQ
Alibear42,CA
Schlomme,DE
MillBay,RO
Cephalotus,FR
BlendingSentinel,US
Perdun,RU
Droid,US
Larbino,GB
Temu,DE
[Crd]DustBen,NL
PercivalBENNETT,TR
KoiPond,CA
Xodiac,CA
vrqsn,US
phill18,CH
MarsDraco,US
zklee,US
Blankes,US
Plutonium,US
FREESTYLE0913,US
DarkSide19,GB
Kaotiz,US
smartbit006,CH
Monkazzz,US
Dizzybear121,US
XavierHusky,US
why111,US
ScaryScratch,GB
ollis66,GB
LTDOGGY,GB
BootyHoleMan,US
Reasonable_Maniac,GB
GeneralChimpNipples,US
Bormel,DE
Charmander420,US
LeninBomber,GE
justo,AU
Splittergal,DK
CEO_of_Sneed,US
badmd,US
Patar,AU
Heinz_Guderian,ES
ZombieBeta,FI
Mentalistic,CA
tallon40,CA
b0rn,IS
Peterus,PL
GoonLord,GB
Furbsta,GB
VapingCorn,GB
TopGunWarrior,GB
Dragon12,US
Crispoon2,GB
IamDru,GB
RustyFridge,GB
Lokthar_Ogar,US
DormantDVS1999,US
Character_Guy,US
Gsp84,CA
BaguetteDuMarmite,PL
Ultragodzilla,US
Baldric,HU
TM_Sashkorin,??
PRO_LordVedor,FR
MeowCatMeow,HR
Zomiriad,US
Malusx,DK
Polartest53,CA
Omgdissh,SE
VoidCollector,RO
OscarMike47,NL
Hakuna,RS
Intruder,FI
basinadecal,RO
Amortensen1207,US
Dunkey,US
jhancar,CO
Demonetised,GB
Kofu,US
[ECO]krystoutlander,US
Kuduku,RU
Tigrid,GB
weirdo,RU
Glogol,RU
KaMikaDZe,PL
SixRules,HU
Zish,US
Climber,CL
[Crd]TwilightTheCat,US
unclejimbo,US
[CNU]Apollyon4Ever,RO
MiniBlackFlag,US
AManInAHat,CA
Apxanist,RU
SmoothOperator,DE
Katzoe,DE
Tallgeese,US
cast5439D,US
CASTI,US
Mass_Exodus,US
Armsy1234,FR
666mille,DE
Skl,DE
DARTMARS,FR
iUzername,NL
Silverhawk404,US
8_ball_majick,US
Squrrly,US
imeamonn,IE
TM_TeriyakiThilo,DE
[Tizzlers]Minsit,US
Dataist,US
Hansolomon,US
HunterXHunter,DE
Jstan,NL
ObzTicle,GB
Coffee_Addict,US
nzsystems,GB
Sunavbirch,US
Palm,US
MachoTancho,US
delphbunny,GB
ThirdSin,US
leonerduk,GB
swiftplant,EG
t0nk,CA
Mrfekry,SA
niejemglutenu,PL
togaparty27,US
docygen,FR
Brolekai,US
boojingles,US
BigTomato07,DE
yourdeath117,US
DoubleEE,CZ
eldee30,CZ
HOBO_MAc,CA
hadderz,GB
Opitsch94,DE
Kuritoid,US
jvaler,US
xiaofa,US
num3nX,IL
Nevelney,RU
teys,NL
SuperBario,US
sheip,LT
Catlon,CA
Tbee,NL
alemaum,BR
Crpl_Blues,US
WildLife,BE
Akumaa,DE
Admiral_Rushin,PL
Destroyer0705,PL
Nubo,PL
zrzyck,PL
DarkSpiryt,PL
Harald_der_Harte,DE
Prayer11,LV
Simdezimon,DE
[UoB]m1ll3nium,IT
SatNav,GB
Whiskyp,FR
eathial,FR
soso_gunner_1,FR
r4k3N,FR
wew,PL
Kuelo,FR
Patatediamant,FR
iightsobooom,US
tylerownslol101,US
WtVirall,FR
BOXX,US
Shadoweyes,US
Jonny5,GB
spiffistan,NO
ikk,US
Tig_Bitties,US
Daisycutter,US
nullz,US
[aaron],US
xBEASTx,GB
[GAY]JoeCandiceBolfa,US
TatorRiot,US
Ric,GB
paddy28,NL
VACUUMULTIMATE4000,PL
Skull_Crusher,US
Fluffeh,SE
spoder,US
[skill_issue],RU
ddr6,TR
[Crd]ManHunter,SI
Marte33,MX
daremachine,CZ
Jota68,CL
SolidApe,PT
WildGoose,GB
H0tCarl669,US
hamza1919raad,IQ
1467,US
timadanny,FR
Aliey,GB
JMonkcom91,GB
Reptilee,PL
Talismango,GB
[Vip]Duxii,SE
Baldey,US
FewBurritos,US
fuzzycow,NL
Dead_Skunk,US
sepnupaus,US
NoNin,US
SnitchGoblin,SK
Vallll,DK
petelisious,IS
Hillkiller,US
0679167,US
HunterK,US
ThinkWharf82,US
Noryon,BR
Darkenn,HU
Metoyoman,CA
Vizz,US
DisCHQ,NL
Chrizfire,PH
ExtremeLight,IR
waa,IE
LennyBigD,CA
Flerpz,US
SiriusGaming711,US
jwdogg,US
PopPop,US
nekoShoujo,IS
midek,PL
[DmE]Qwewewe,??
[bruno],PL
01xiam,PL
eskenor,DE
Medobur,RU
TimkoBob,US
Sprydog,US
bobizoz,US
Domasjlol,NO
Fire_Sky,DE
Vex_OG,NL
IAmMuted_Bruh,NL
BuzzCutPsycho,US
[ExB]Owain,GB
RizzleG,US
nano_,PL
Deathwish,US
[V]ic,GB
Yellowcobra,US
Pyroglacious,US
turtlee,BR
Crimson_PT,PT
Rhinehard,GB
Mardock,PL
ZoidxUnbroken,NL
dipdipdip,NL
Dykoine,FR
Bigmoobs,CA
_Oumuamua_,CZ
City_Crystal,GB
Gahwi,FI
MGOD,FI
Utlov,IT
[BOO]Zarth,CA
stiffbickies,AU
SK10,DE
Poldarn,US
GeneralTickTack,DE
Mistery_Man,DE
YahamaG4mer,DE
TheXentinel,DE
_sing,GB
Dany36,FR
TaDust,CA
Teeklis,DE
ChronoBR,BR
OhhGee,GB
hemos,FR
kurrata,LV
Gameboon,NL
FlyMe2TheM00N,US
Fasy,IT
McGuire,US
eaglessoar5,AU
ViBrittannia,US
[IBT]CappyBARa,GB
Lillith,NL
DonaldGrunt,FR
Heavendrake,DE
the_king_rat,GB
Hoyt,??
Space[],US
Pr0paganda1f,DE
CrazyMonkeySquad,US
MaRvI,NL
BeyondYourAnus,US
Saitmob,IQ
JustThatLuka,GE
Thunderstruck,AU
Zerceo,US
Reverse577,US
arrrow,DE
Hipsterbear,SE
saltness,CZ
SladkiyBubaleh,RU
Shutdown,NL
Secluse,??
HEXE_,DE
Darth_Revan,DE
rocancourt,FR
Crouxy,FR
Arginou,FR
c_at,CA
gohugohu07,FR
Jedfy,FR
Enigma31,FR
Kanon,FR
BigBawker,US
[oAG]BamWar3,CH
AsNoah,GB
Monjp,CA
AlphaPlus,DE
BadGoyBoy,US
Christofer,US
NakedMeatball,US
Kenshimasta,FR
ghostpants2023,US
worldwheel,FI
Bearnais,FR
Ebandokttv,BE
iceshotthesheriff,US
Jueue,ES
Drsmith0146,US
Cederjack,US
Lejetdail,FR
merkysan,IT
Stefieneko,IT
Bearperson,ZA
striker_bdo,GB
Giles_Durane,GB
shadowdn,CA
DMax,TR
fakoleydi123,TR
U_235,TR
Leidra,GB
Shensen,DE
Skaarup,DK
Wilwicky,US
JBHolmess,US
[GUF]Mikey_P,GB
JustAPenguin,DE
DoomedEagle,US
pseudo_placebo,US
shanyaa,DE
murtagon,US
Salamandered,US
AedansAeds,US
Porsicus,US
mgtyalx,GB
KolyaSalo,RU
Knochentroke,CH
SkyUK,GB
akov,US
Glenardo,GB
Riik,GB
BenzWillEs,DE
WildesPony8,CH
OrcoTMM,DE
Shafflox,DE
Gazeth402,GB
NotYourAveragePawn,US
Jaydawg,GB
[420]Need4Weed,SI
Sokolonko,PL
KILLERPANDA961,US
Shad17,CA
Lord_of_Pickle,CA
Swifty17,CA
Juliusz,PL
JUPlTER,US
Schelby,DE
Hasztag,PL
Turn,GB
Busted,AT
AngryFodder,GB
Unleasher,NL
MurkyBoi,GB
[ST]Titanium,US
Dmony,MX
Dovis,LT
Tpocth,GB
Thorswraith,US
Lesbeon,US
Hollow_Aman,PL
mbreton101,CA
KisforKarma,US
klearhos,GR
Trashposting,US
Rumpled4skin,US
xxGrimmxx,DE
Siegfriedxiv,DE
mike7c2,GB
phil1980,GB
blaaaaa,FR
Saros,ZA
MrHasaki,ZA
Potato_von_Habsburg,LV
TGRReaper,GB
CNNR,SCAV
Legoldos,CZ
TyrellHoldASwitch,CA
BinBag_The_Wizard,CA
CarterLeFox,ZA
Razpaljotka,SI
McFly,FR
proudhard,CA
Paragon_x9,US
DouglasBacon,GB
spj57,US
wick65432,GB
[MILK]Ley,PL
Joe3020,US
[BOB]IAmBob,US
Gioby,IT
sterguy,US
Caterpillar3,IL
applEmAn1005,PH
janderson93,US
VES,RU
Skits,PL
Ortak49,DE
LastFall,AM
MetalMan2975,US
Qverk,US
Joe1818,CA
bishop0001,IQ
Kemie,??
bruce,GB
CYPHER1,US
Mullins,NO
Jimmyboe,GB
CelticHawks,GB
Mak_in_Toge,FR
LordNagash,PL
sleepingfox,EE
Gewis,US
Flashhh,NO
Vierkant,BE
BIGHARDCARL,GB
Waddy,NL
Lews,GB
Dixsienormus,GB
Cpt_Seven,US
therxy,US
Mr_BigBallz,US
JosefDafug,DE
re4zz,DE
Antimentor,RU
Swiggidy_Swag,GB
xbot3411,NL
[A7O]El_3mr,EG
MickeyKnox,MX
Re_Eddy,DE
xAntix,US
Ramthis,DE
markusg,US
lil_Nipz,GB
MechaChimp,US
T4dejc,SI
Kahman,FR
Coran,GB
xDomi,FR
Mr_Foxx,GB
TOPFETE,DE
PandaCastingYT,GB
Reixeal,ZA
Fringes76,DE
Bish09,GB
seeyouentee,US
karatheodory,SE
Qen1,HU
caxolahop3,NL
Yami19,TR
[GerBoyz]Rottrigez,DE
[GerBoyz]Kimi,DE
[GerBoyz]NeoPixel,DE
mihow,PL
NoviceApe,US
Reverend_Andy,US
Vision2422,US
jinx_staal,DK
PawnStar,??
genster,DE
ImoNoBalance,PL
Vulpus,PL
Imnewherehi,US
fuzznutz,US
Bdawg110496,US
givemefive,RO
Actaea,US
Genghis_E,US
Covewolf,US
Eney010,AL
Ragnvaldr,TH
Hedgehogzs,GB
Draks,FR
soteiru,DE
nor_eri1999,US
Central_C4,GB
JukGrumm,GB
bigrolo,IE
5crub,US
SockRN,US
Toawesomer,US
Wagner42,RU
Avilom,RO
Mavedeli,NL
1Mm0rTaL,??
Monta1745,IT
Longdong,DE
Shaserra,DE
pudslive,SE
Gladiator221,GB
ScRu7i0,DE
Zozofling,US
AcclaimedFlapjack,US
foxhunt,DE
VALGUS,EE
JustSomeGuy,CH
Ypsson,IE
Gandesz,HU
Sitr,CZ
Chevrolet,IL
1984,SI
GoGoRush,RU
ArtichoBanni,FR
problemAlways,US
Buster_Himen,US
Lord_Jammacus,GB
Ry23an,IE
wob09,DE
jigga,DE
sugatathecat,PT
PokerDeal,LT
Laborhund,NO
NiftySwarm,CA
ABoxOfBullets,US
Gboisvert,US
cosmotical,NO
Phil_rs5,GB
Mimikin,US
Samiec,PL
TheMoisturizer,US
Ralf1108,DE
Gattone01,IT
CheapThrills,GB
MarcusAurelius1,CA
qba_zeus,PL
Aldvakin,PL
Devell,DE
[COOL]Get_Schwifty93,GB
[COOL]Poolboy,GB
egg420,GB
Clazzo317,GB
PRO_ElmerFudd,GB
Eruher,ES
SCHMETTERLING,CH
Daviaam,ES
Oscar_Loewe,CH
Slav33,GB
Protobier,NL
DamagelNC,US
Posseidon,NL
Nedserd,US
cvrcek_420mm,CZ
CleverNameGreatJob,US
Lenettibby,US
ElitePatrol75,GB
ZKonj,GB
[WHAT]hann992,DK
[WHAT]Tamam,DK
humblegar,NO
Vlaterz,NL
[nl]Reetzweet,NL
Zulu2,HU
SussiBoiSoy,US
Eni,DE
timuela,VN
spacegandalf123,RS
l13m,FR
MouleHumide,CA
Aqua6,GB
Cyborg87,ES
jeffi,GB
Ratzonclick,GB
crotale,FR
Devon_BG,FR
Cameleon,FR
Enzokine,FR
Nanaku,NL
RenegadeWarden,PL
CrazyJacob,PL
Martin123,HR
Tism_Contingency,US
Kazznodzieja,PL
pablo2358,PL
KellSkirata,US
Sahbinator,NL
Wuastbrot,DE
DrCyborg,NO
KonteradmiralKarl,RO
Boromir420,DE
Strelz,US
Cokey,NL
Trisi,DE
Fiva,DE
Twigpigpog,GB
Mindscape,LU
Harry24,GB
Nerfting,GB
Aurelion_Sel,FR
Tommyboi,US
Domagoj,HR
Gorski,BG
pompeu,BR
Xithilum,US
7ames85,GB
Stelfirio,??
tosha,RU
jose,ES
Toty,ES
billyones,ES
ninomal,BR
Will0069,ZA
Hipo,PL
cultist,US
TwitchBigKazzy_,GB
WalmartWhaleHunter,US
Zaiks,HR
antarus12345,US
DesertDrake,TN
Mateofil,PL
solodrone,US
ClusterFax,DE
JudeQuinn,HR
fbc,FR
BogCreature,US
Slumpay,US
Jimmiefan,US
kingpooba,US
UuugUuug,DE
MarpyBeyond,FR
[NWO]Kapitan_MMA,RO
NateCollapse,DE
silicio,ES
Totala,CZ
Noldi,PH
Arnitomxe,LV
Chumllee,US
Baitclicker,AT
Neslon,US
hadean,GB
JuggernautBalls,CY
SyCor3,DE
Chion,IT
duckpico,CZ
Warlender,SK
Jups,GB
[XG]Shizo,DE
RUSTER,EG
ztr7,EG
Necrodancer,TR
Peaceful_citizen,FR
Crifa,FR
Dadja,FR
ShockRampage,GB
Brown,US
otterNinja,ZA
Jackiebt,SE
daemoned,SE
playguy,SE
Mordrin,SE
chasmnaut,US
Unknown1337,US
PRO_Florio,GB
maddogg411,US
Raider,US
tanuki,NL
LeftBumper,US
Dheydhey,FR
GuildedChaser,US
nacho,NO
[P1E]mpx,GB
[P1E]Daley992,GB
untergamler,DE
Jonte22001,DE
Feschi,DE
Indirium,GB
SpiritusDaemonium,CA
[P1E]LargeMac,GB
Marstei_CZ,CZ
WaveNeo,HU
DaWaS,HU
MidoriGreen,ZA
NateRSA12,ZA
[Pandas]VrKnight,NL
kakdoncheng,US
player_cane,HK
TeHJiZaH,FR
Naico,CL
Citadel,DE
Callawaygone,US
Chaz706,US
Master_Fenix,US
Sementti,FI
Jacek,PL
Tonka,DE
JunoMiNha1,DE
13Baka,US
captaifoxy32,GR
oboy1337,US
PzGen4D,DE
KrogerSteroid,US
Rakol,PL
Farhali,PL
Najenna,NL
SirWellHung,TR
80kica,GB
In4,GB
DemolitionMan,DE
BloodxPlasture,DE
XORKEOF,SE
mrGorion,PL
Lypke,DE
ladanza,DE
AntisocialAndy,US
Pindarai,PL
lepetittournesol,CA
ZaDarkSide,RO
Quekazool,DE
Lordpotato,??
RG22,AE
msmodeller,GB
Ceferino,DE
Anteep,GB
Wojtek_145,SE
StryNog,ZA
Jyzzle,GB
M1N0R_THR34T,DE
Marnes,BE
BzhPilou,FR
LostFireDragon,NL
Wiks5,PL
Corenax,PL
Sosik,PL
Jankes7,GB
[Blahaj]Victoria,US
Akuji,US
Skelator,GB
Viruxa,SE
Robosnail,US
gohan,US
SirRarius,GB
sildefiii,DE
Atoli,BE
Romzzy,FR
SSpoon,FR
JUSDEBAGARRE,FR
hot_fuzz,GB
Aynarre,FR
[Crd]HMSIndcnstrctbl,US
paolORYFDF,FR
Joudelbosc,ES
[VMA]KaiserJohan,SE
Turthan,CA
Fafne,SE
fazel1,NZ
Anonym2077,AT
UnholyNut,US
ScAvvY,DE
Vitja,DE
Plazma,PL
Avaidable,GB
ashenwraith,ZA
DasieBoss,RO
AggressiveLemming,NL
Boarjen,NL
jackJWZ,NL
Antraxis,PL
[FN8DC]Kacklade,DE
Magsimus_X,DE
[FN8DC]STORM3001,DE
[FN8DC]HolidayAtHome,DE
Jess3D,FR
Fourmy,FR
Meowki,GB
NexusJester,US
Beyblaze,GB
4zg4rt,PL
SwampTurtle,US
Chargrin,NZ
laleooo,AU
bobdanob,GB
hido,DE
Bonswabi,CA
BrotherGear,DE
Golgren,DE
Warlord1328,DE
[FEN]Glommander,CA
SCAMDEMIC,US
OPman,EN-PIR
FinktheDink,US
dark007,RU
iHaveNoHandz,US
[DRUNK]LockedTMX,ES
Pydra,NL
[Martinez],PL
MechaMao,DE
fishousemike,US
TekilaPaf,FR
Not_Liam,GB
Skyops,JO
HDdude179,US
Leohvm,DE
MadGazz,GB
adt_Gromph,CA
Ssezra,US
Reinari,FI
naast,FR
CountKilljoy,ZA
Synthsere,ZA
Kamfrenchie,FR
Slackbar,US
RadaRAW,CZ
RandomGuyJunior,NL
nightCG,RS
Andy_432,GB
DBS,IQ
mhmud12fdhf,IQ
Seris,US
Levhard_,CZ
PRO_Shamon,GB
floristhebeast,NL
BlueberryXD,NL
FatVenom,GB
Tailer,GB
Weikiki87,DE
conkers,GB
WolfETD,RU
Superbananaz,US
Heineke,NL
Trente,DE
Deuteros,NL
Elril26,PL
ecco,IE
DivineEvil,RU
UNNRickenbacker,PL
Cologan,DE
TUNGTUNGDAVUL,TR
Thiefenergy,US
Goblinnnn,RS
lumous,US
Jono117,GB
P45t0rWh15k3y,US
ChaplainTenk,HR
MIVRUL,RU
Malfestus,US
endor1817,DE
PokerFace1246,DE
Czerstwyy,PL
Tygucior,PL
ribean,US
UNSEENFORCES,US
iamacup,GB
Snoppen,NO
[SG]Quaef,DE
Avov01,DE
Name_is_Cerber,AM
killer1234,UA
Farfalk,IT
error_user,HU
luckystrike23,MT
Harald_123,DE
DrGrobi,DE
strawbale23,FR
Morothar,ZA
Sjaak,NL
RocjawCypher,US
AR_Tech13,US
SvitSkos,SI
TTVLemonGamz,US
mattrolol,US
f1sher,LV
Finx,HR
kylian_mBARppe,DE
Wastingtime,SA
Zupfhuhn,DE
p0nk,DE
Gondola,NL
Fluesterfuchs,DE
ausmister,HU
[HC]Bobris,CZ
[HC]pioters007,CZ
Adirtnap4u,US
ResistantZebra,US
abalcross,US
Potatowand,NZ
Ambassador,HR
Kahol,PL
polus21,PL
Sensir,CH
Signal777,US
Sun_of_peach,BE
CertifiedNoob,CA
[BAB]Gond0r,FR
pizzarand,DE
BigToaster,US
coldsc,US
aznfoo,CA
SoulstormHD,FR
Adam12481,GB
Nunki,DE
MGCoby,PL
PRO_rANDY,GB
moruvis,GB
MaxKaboom,SE
ELFBAR,DE
theroaddog,GB
JRob,GB
Sheeplereaper,US
Scruffy_Kon,GB
Lostdeadman,US
Classic,GL
MrMilkman,US
rits13,EE
Vikotoru,AR
[DUM]Sweru,DE
[DUM]Ananas0123,DE
Tripl3,NL
AUTOM8,NL
Elydrid,FR
Xix2g,FR
Rhonun,FR
bar_ista,FR
PROt_che,DE
JustOneMoreAFUS,FR
Kaanibal,FR
KPupols,LV
SamSam,SE
zjoef,NL
Ghostkicker,CZ
Khornishon,PL
Mathew007,CZ
ThePirateChef,US
Lord_Lub,US
Croosface,DE
Gabba_Gandalf,EN-PIR
AgEnT_BlAuKrAuzZ,DE
issoweilssosoll,DE
Upgr3de,DE
AwesomeWiles,??
novak,BE
Uldemir,FR
franksa,HU
ZaRxT4,DE
[SG]random_variable,NL
sceafa,GB
GalaxyRider,IT
Rxqzt,BE
HYPERi0N,GB
PlinkV,US
Shindoras,DE
Vero,NO
[PYA]Ultraralle,DE
blazeitken,PL
Red_Mage,IR
HareeON,??
kyutoryu,BE
Insularity,DE
LeBrachiXD,AR
Myst2222,BG
SnickersUltor,DE
uzi,DE
Groggy,NO
UnFaiR,US
[DmE]Mirrored,NL
Obote8,DE
lueyja1,US
Esb,FR
stein00,DE
DragonTHB,DE
[FN8DC]Der_Pate,DE
Copperfield,NL
emery,FR
Denys,FR
McDudle,??
JarDor,DE
L0oNY,DE
SpeedyPenguin,BM
[PPP]roadkill7117,US
Leniwy,US
Avezilla,US
Malochie,US
SilentScourge,US
DUBSTEPGAMER744,US
voldy,FR
Xeum,FR
ReaperofKnights,IN
CarlosEsteban,NL
platus,ZA
CarrionSpike,GB
Luki25,DE
spooky,PL
Redhead,DE
Lohle,DE
[Hase]Synax,DE
Joddel,DE
Rhaventhan,NL
DrLove,DE
Mindblaster,BG
Pollo_,IT
Emme051283,DE
Lu5ck,SG
Spuder,CZ
Baika,GB
CliffDanson,DE
Konsequenz,DE
AureliusTheLion,DE
LeMaOut,FR
Lornithorynque,FR
DDX89,UA
Angriff,US
HighAF,IL
ii000314,GB
TheUltimateYeeter,PL
Crash_TT,NL
Nail_,DE
jeff_erkast,EE
BOSSII99,PL
Pelzor,DE
CnArmor,CN
AllyMcfeels,ES
Blodir,FI
Nevangalar,DE
f4natiC,CH
Atomaffe,DE
Masterand1,US
MrGuzman,BR
Martich07,CZ
Hovnocuc,CZ
Qwax,CH
Eleison,CL
Nicohms,CL
ZingLoL,US
Rekin,PL
UnGuilty,US
Shalltear_X,US
omegapoint,GB
StepScav,US
facer,DE
afromogli,SE
malamerkaba,AU
Cryptodommy,GB
MillaDeKilla,CZ
Deathkebab,DE
ObelixXVII,CH
Concinus,DE
ZiPER,CZ
Samiw,IR
djarshi,NL
Anubiis,DE
Glav14,HU
[SMRT]RobotRobert03,US
[SMRT]Felnious[AI],US
MrNottekake,NO
SireDieALot,DE
aCleanPoopSock,US
Flagoul,CH
meteorite2caca,FR
Missjuana,FR
Auriron,PL
r_oy_,DE
Jakob_Apfelsaft,DE
Kriegolus,DE
destroyer2044,DE
ShortCircuit,NL
cr4zym4ni4c,BR
IamAPirate,CA
GanklessBungler,GB
thepilot7,ES
Catahac,BG
Lyceos,FR
SkyToasty,US
tedab,FR
vladiedoo,US
Sedi,DE
sluikakit,GB
cptgetdrunk,CA
GuapoAmericano,US
L1ne,DE
MaximumGlory,US
SilentSurge,CA
Archonius,CZ
dasheino,DE
Trek61,DE
[XG]Commaanda,DE
AspiringChampion,US
AdLib,DE
Titi49,FR
casualepicgamer,LT
Bluebaron1,GB
Slithry_Snek,EE
2n2ty81h,FR
[BARf]MrAlfabet,NL
GenOx73,FR
OFYA,DE
[BARf]FoppelKoppel,NL
SnowCat,SE
Know_When2Resign,GB
chacalix,FR
DutchDaniel,NL
Protar,LEGION
Paw,PL
Zsolo,HU
keny999,FR
womaniser,SE
TableKK,LT
YenneferD666A,PL
LordXerxes,US
RCRow,DE
BlackEye,DE
Siucul,DE
Axoim,DE
Globalplayer,DE
DjAckes,DE
Moritz505,DE
fischfang,DE
ReaperQueen,CA
PoToCo,CA
lifelesssss,GB
SneakySnowplow,SI
Thebob925,GB
Hakora,NZ
TheGamingNewt,US
Velatus,DE
omnixius,US
skelly_mc_bone,ZA
PawJob,ZA
PamStClement,GB
Muffens,NO
dottychain82800,US
MK2,US
Krono,DE
[THC]Babajaga,SE
Mikean_Mike,US
TheSituation,NL
gy0h6y,KZ
Bug_Supreme,US
Limit00,CH
The_Survivor200,NL
Delfea,CA
Drakh,NO
Deadskye,DE
REZSNIPE,FR
Baaracuda,DE
[MODA]Destapelaar,NL
[MADO]Technq,NL
_mzilikazi_,NL
[PATb]tukanaft,RU
[PATb]Thewarlord,RU
PeterPit,DE
thor_92,GB
[KAK]Wild_BRA,DE
[KAK]Wolraad,ZA
TheGoose,ZA
SuperSexyD,BE
[KKND]Shutdown,DE
Stanlydesu,MM
zwergzwerg,DE
nightstyles,GB
Threekey,GB
[DmE]NTacTic,NL
eldritx,ES
[AN]honeypot,DE
RoblesVE,VE
AceofSpades,US
alpha86,SI
Mojzeszzzz,PL
Huggz,PL
nekofem,CL
Sharu,SK
Gmouse6895,GB
nawaftabsho,TR
BaZongLord,BG
Nick_Kher,BG
STileXxx,ES
Mel_Kulek,SE
Tabaluna,DE
vensius,FR
oneboy212,DE
CounterfeitBeans,US
zorn,DE
Bakemono,FR
kasum,SK
GravityOre,DE
djoenez,NL
M0riar,FR
Xerker,DE
Dzikus492,PL
KAPIBARAAA,PL
TonyTwoTimes,GB
HadesOLP,ZA
PUNISHER989,ZA
tiant,DE
TaxusQuercus,DE
Evohl,DE
SerialTuga,PT
Budd89,GB
jedwik,PL
Howlerloud,GB
inod,DE
BULBULATOR,PL
Foravr,DE
CrimsonMech,ZA
MrClean123,DK
Kylekug,US
Muppets,GB
Kagekaott,AR
XTBDX678,DE
Alidokta,BE
GrtHunter,BE
SagittariusA,DE
ornatos,PT
Redhammer,PT
Fredal,NO
NanaTheBlueYT,US
xXzeroXx,DK
ajaaay,US
Archy_the_Great,AT
lumennn,PL
Exeael,US
benneybooster,US
yooggfeld,US
Conny,US
OldDustyDog,RU
JustaDream,CN
Croustibax,FR
Backbash,??
FraxX,DE
Chebs101,DE
ROBAR,NL
404BotNotFound,FR
SpecEyes,GB
Ronan1,CA
Big12inch,US
Refregi,DE
CoryBear,GB
Cohen,AU
Bowcks,GB
Origin98,GB
[RedBull]TubbyIumps,US
SliK_Rik,GB
Ropo,AT
NorMax,UA
Poes,NL
OliverKina,DK
LifeOfPie,BE
DaStim,NL
Ravenwings67,US
lurfontothe3rd,GB
PunkSkeleton,PL
havefun,SK
PsychoPewPew,DE
riquiqui,FR
Slavetti,PL
CoffeeDragon,US
Trunks,US
hehateme,US
eazyr,US
Kitlet,PL
pylaochos,PL
Urgle84,GB
Slimbo549,GB
GodPain,RO
Zaro,AT
Trashvan,DE
[PiRO]Crank,IL
Truffe,RU
Gandalfotron,CA
Kad,NO
slamy,PL
Freddybabes,PL
WiseBall51,RU
M0rdechai,NL
Okiro,GB
adooerdi,DE
SquirmyLilPlaything,US
[DmE]majiks,EE
kit0904,GB
OrionZ,AU
PDJR_Alastorn,SE
Slow_but_sure,BG
Dominick,US
Goofy_Goober,US
krtf,CA
[BAT]DerClown,FI
Vader_Bolado,BR
fushigi,AT
m44rc00s,ES
PrinzPeng,DE
Janks,US
Kalsarikannit,AT
genesiss,US
Airplayer123,JO
Xedkay,IR
Garretricht,CZ
lPedru,BR
Fubi,DE
Bananum,DE
gipsygorn,FR
KarateHuhn,DE
Quits,BE
d4rklight,US
DmanD,US
BIomassa,RU
songokum,DE
getgooed,US
[OD4F]tomakko,DE
SalzHeiler,AT
Moeritz,AT
Zinitka,UA
NoEncoreS,RU
Justano,UA
[gamma],DE
BublPopr,CA
dasdochloch,DE
Rirotto,GB
Gabryss,FR
taitaz,FR
Katmuda,DE
albie,??
Reasonable1337,DE
dankeroni,DE
Newfound,FR
Incon,US
jexausa,FR
Ojoj,SE
Yrdael,FR
Fayded1,US
Mirror0,CN
MadSteiner,DE
[ACE]Babar,FR
Wobaekat,GB
fatmoose,NO
cptHark,DE
Rroman,PL
glitch_1,DE
ThunderBN,US
AudiQuattroRS,BY
silvaXwX,US
Respawn112,DK
Kallesballes,SE
VikingCrimson,DE
JakeLong_13,DE
Oveerlord92,DE
mezus,PL
epiklanda,ES
BobbyDonger,US
SuperSailer,US
Iris_,US
rogal,PL
gustlik,PL
Major,PL
MrMarL,NO
oLdi,GB
[Crd]eipip,GB
WitchCraft,US
TDJaws,CA
MagnumGram,US
OG_YoungKronos,ZA
[CNU]TemeFundatie,RO
OG_K3NSAKI,ZA
slowards,RU
TheOtherOne,ZA
Pilka,SE
Space_boy,DK
EmperorOfRomania,BG
[RedBull]Badbone,US
Flooories,US
Brobotto,SE
_Nick_,NL
Fraghamster,NL
Yourmom69,NL
SpaceMan,NL
Crekate,??
Cruilt,US
Feder,NL
26Projects,US
Kenzo80,DE
SoldierWolfy,SI
SteefVinnie,NL
rockpoolshrimp,PT
Pounz,DE
OUDLES,US
[PATb]Pavel101510,RU
Flappoulus,DE
W00Deh,US
Ourobouros,NL
Erfive,FR
Klem97,FR
Zimb00,FI
klem5,FR
[TYL]Tynoo,NL
Zerom,SE
Cyrdad,CZ
Europa_moon,CZ
Mikehovadx1833,US
Pikaso91,RU
Ryke,US
GeorgeBacon,SE
MeltingViggo,SE
Intheice,SE
Brodmogel,SE
Zekara,GB
Loczek,PL
Bastik,CZ
Honnef,DE
LucksBane,DE
Wargina,AT
Nonama2,TH
M999kingmaik,NL
kozzion,TR
roytries,NL
Sophie_M,NL
SixFive7,NL
ihaveagoodday,DE
ratty,BE
darkfoundry,US
JakkusTheGreat,NL
Comb0Kill,NL
QupiGamer,NL
Nekrac,CZ
K1llersmail,CZ
Gelvor,CZ
knight1620,CZ
gamercore,CA
[FreeYep]BusOP,SK
SnelleSjonnie,NL
jollderb,PL
zElnag,PL
ZaBoi,ID
CrazyPurpleHazy,CA
dinkbat,US
ThatsBogus,CA
sommmen,NL
Neoteknic,FR
breakfastfordinner,US
Akile,GB
Svvota,TR
xil,TR
bartak,BE
Spk_Redhawk,SG
SayThankYou,PL
crazyomega29,GB
UrbanAssaultBabushka,DE
Juegadamas,BE
SenorBurrito,GB
kinder112,PL
The0ne84,DE
hunter,FR
HerrBlue,SE
DRM,??
Beanominator,US
Bezdarnost,RU
valera1976,RU
ddLisk,RU
LiliumAtratum,PL
Coopskycam,US
juicedup,US
WalterWhite[BB],FR
Slenderl,MX
[Jabs]lllMichaellll,AT
JackCorvus,RO
CezarCez,RO
Ferrary,RO
Grunt_Gaming,DE
I_pawngame_u,DE
Gaindolftheswole,US
JayCee7,GB
TheAngryBiker,FR
[BAT]filleus,FI
Pir8_Rusty,GB
mirtandir,NO
Horak,CA
Farscyde,US
[t4]Noblestranger,US
BBoBO,DE
[DmE]Sabretooth,GB
Barkwaffles,US
Derpiederp,NL
LuxD,US
purplepanzer,US
1800ikillau2,US
youmed88,GB
PtaQ,BARB
Myts,SE
AMPUTATOR_PL,NL
Pepson,NL
DrKrtecek,CZ
Luo1er,FR
Sota2,FR
Mamadou_Doucette,FR
Sota,BE
NAGAMED,RU
Loothier,FI
Druleful,SE
RedMan2589,US
Stifqqa,DE
Chicky,AU
Knull_0,US
rndm,UA
Varakari,DE
heroes341,IR
Ampersand,AR
GorilloX,BY
HandsomeDevil,IR
Char2,US
zenfixit,US
neuby,SK
platorian,SK
Azarya,SK
tiDemon,DE
Cpt_mechu,PL
jumpin_09,DE
luckylucky,CA
Disinfected,US
SlexOxyGodone420,IT
Hannelore,DE
[RN]Enrico,DE
digitaop,TH
jules66,NL
Frappe,NL
goldplease,FR
ITRELLES,UY
LucidGhost,VN
bio,IT
PANIKA,BE
stachumuzyk,PL
Eggplant,BD
Caderzo,CH
[Crd]Gargoy_Lee_Zo,GB
kanoflaj,US
UPDER,SK
hitmanjoe,GB
newlywedfrog,US
run,US
[Crd]tidysmile010,CA
martinplo,GB
Sloth1500,US
MagicMan,CA
SlapHappyPappy,US
darthnater,US
NoiZzZ,DK
Bebopratus,FR
sauchi,GB
Kodachrome,CH
ksamakie1711,VN
AceHome,DE
defplx,US
Sneaksy,ZA
Shankz,ZA
[Crd]Dazzlecamo,US
XxTRISTAN97xX,CA
Idefix54,CZ
tman00777,DE
Bratta,FR
yubbo,US
dum,FR
St0n3z,NL
MadMax2K,DE
DonNudel,DE
plottrig,SE
[OWL]DarkOdin,DE
M00N,FR
nik123,DE
ladenredan,HU
spartanZ,ES
umbrarose,US
Sinderless,TH
KumaMUMI,TH
Mememori,TH
Tri4L,FR
Livedreamer,NL
Nero2,NO
Ls0,US
[crd]LunchTruck,GB
Pivos,RU
Idaho,DE
canias,ES
Mic103,PL
ary,??
Glooten,US
Joride,NL
trev1332,US
Kruszyna,PL
okopolska,DE
AquillaSF,RO
[MEOW]niilzon_i3,BE
[BAB]Tenebos,FR
CupyCup,FR
Michael_Chadson,BE
darkpresence,CR
Zamolxe,RO
RotatoR,SK
HolyPerceval,CH
SirDudeGuy,US
xitus,DE
SuperHase,DE
JesterB,??
Scarecrow100,MOON
HansJoachim,NO
PolskiLen,PL
Fiolstin,PL
Ostkaka_Lovah,SE
Spite,US
Nutt_,US
wallacesw23,MY
Skeletory,GB
[IC]Snowbrawl,US
[VGC]kuus,EE
[VGC]solace4usall,EE
Breadsie,DE
OtsamuMasto,SG
Phospholipid,GB
Nynnka,GB
blq3kp,GB
CzapX,??
KNoz,SE
[SMRT]Fohh,US
Therealdealdre,US
[4F]Kevin,DE
paszi2002,HU
SmartBoy,UA
Gerge,GB
zuignap,NL
Carthago,NL
butterfrog,GB
domini,GB
lifelike,FI
Oxinlite,GB
Riverzerg,DE
Turtleloss,GB
MasterOfNekoWaifus,RU
BigMike15,US
Ma3sTr0,PL
Sajna132,CZ
Decimus22,US
Q000,RU
Cypress69,DE
[ITER]Masure,FR
Lord_James,HU
JackalSyn,US
StoneyStark,CA
Ultimatesandwitch,US
JingleNephew,US
leoncracker,DE
Frozon,DE
TomJ1188,GB
rustySYBAU,PH
rxykio,PH
hyu,PH
Mact4,PH
EnderRobo,LEGION
Sulili,UA
Groszob,FR
Avenger[K],AU
Echogamer,CZ
ConnorC,GB
RedMog,US
V1Ru2,US
bitteBAR,DE
Sargewise,GB
safakaltas,TR
SzwagieR,PL
Niacyn,PL
bambik_pl,PL
HiMEN,PL
Vit_tiV,PL
Cranatron,GB
soloszgame,PL
huseyin64,TR
Barbery,CH
Dr_Wahnsinn,DE
Xzite,NL
Syncix,TH
Jord1200,US
Chubster84,GB
DeRiel,FR
Ruben_n45,FR
Katyushabipboop,FR
Thesoldier,FR
CaptAmazing,DE
Hosenschlange,DE
ahokurodesu,ES
InnerVoiS,RO
Gnoll,US
Jxxl69,DE
Issie,??
putacomodor,PL
nano282ny,MX
Mikhous,FI
Flydutchy,NL
errno3000,NL
flaskManager,CH
jarjar93,US
Luciferac3,US
PorcEnjoyer,PL
Darktrouper59,FR
JadedKross,US
Flompe,SE
robertthepie,RAPTOR-RED
p_barroso,PT
panter411,DK
Lubricator,NL
Beb444,US
PyunmaVIII,PH
Snoozy,NO
Spencerine,US
OceanBreeze,US
WildHopper,DE
elevance,DE
Jestplay,US
imloadingslowplswait,DE
Veldrin,SK
Pikkson56,DE
liZzygiZz,DE
Legionerua,UA
nightgamer,HK
WasserLan,DE
Ancientbee,NL
Priest,NL
Agnitius,ES
Sixpack31,US
corzion,SE
karbon_,US
[BAC]jojoha,BR
fruttelknut,NL
xTheFallout,DE
Mythology,GB
Chendadus,NL
Dinin007,HU
Vertaix,NL
Kyou_Wag,FR
Guina,BR
[FAP]soulshine,FR
HeimerPinger,PE
ChousX,US
coquito,US
Hat_without_head,GE
Kyrotas,DE
Injektion,DE
Annubis,DE
[BDI]Raicherdt,BR
ozanturnaa,TR
Geert1234,NL
Xon,AU
Workshy,GB
Mingle_Mink,CA
Tiefighter,AT
Whisky_Mike,GB
Deshio,PL
ZLO,GB
antikov4,CA
Surax,DE
Titanus,DE
nogamer,EE
Xniqrow,FR
Fireball,DE
SpeedingBanana,PL
Vikings,SE
junnychin8255,MY
Achille,FR
malpertuis,??
Silenthunter2k,DE
Bedwards,HU
[Crd]vinihood,BR
Wisern,GR
GofHatesYou,RU
Cemb,FI
nighthawk45b,IE
lordvirus,GB
Artanis,DE
Rakles,US
[clowns]gr4n,DE
RJT,TR
Maecoh,US
Colle22,IT
Ints,EE
Melliante,BR
[Awon]snappluto,TH
PastaSquared,IN
bgoody75,US
Atrosanguineus,IT
onidarah,RO
LBausK,DE
Vektek5434,US
Ninjardo,US
Gl1tchJr,BE
Degu123456,HU
Zordar,HU
Hnilobnik,CZ
Neco,RS
fellicisimus,RU
commander07,AT
Copacetic,MY
Kayedhom,BH
Wompy,GB
orangejuice90,US
oswaldloydi,LV
Dr_Dino,MY
justanormie,??
[tuig]Seal,NL
Migawa,PL
Mokum13,NL
Gunter,US
RabidAnubis,US
KnightrandDay,CA
SolarIIC,GB
WillJinks,US
NilesStonne,US
oopnroo,TH
Fert,RU
Petrito,SK
kotofey,RU
Driver64_KJ,GB
Dublin_1931,GB
xxTAP,US
sinisacolic,RS
Karakich,KZ
RosaEichel,DE
Nguni2Shoes,ZA
Lenmelon,ZA
Larry_James33,ZA
MrNice,PL
deathyalta,RU
kirbiitis,LV
Berseker000,ES
Burizon,CZ
r3fl3x,FR
FetigePomes,AT
Karukuz,BG
[LOVE]JPLeDouche,NL
Zsevier,PH
Werwinn,AR
scorpion1,US
Xepoz,NL
WetRat,DE
Pandanator,US
Japanakin,DK
[Grump]jirkasirka123,CZ
HermitousRex,US
GLoDOS,FI
divj,FI
InooIhsaan,MV
Ninni,MY
ypoop,MV
Awooga,MV
guerillaglue,US
TimBres,US
TheBoulder,US
BIGpotato,PL
kumpel51,PL
Oicha,US
Pokute,FI
DarthPinky,DE
googlplex,CA
NotFuma,GB
BattelC,DK
blafasel,DE
Extreme_Randy,US
FORGOTTON,IN
Stubie,AU
[BARisu]JustBorisu,CL
[GEO]tenguntank,CN
jiuyueba117,HK
luojun,CN
[ZA]ZulyHiroky,DE
[ZA]PNA_gg,CN
CANTFrontAirEco,CN
B4c4rd1,DE
Die_Grafikkarte,DE
zerathyon,FR
Shreb,??
[kokots]Fany,CZ
Totermann,US
Numpty,GB
operative2259,US
VladekDigital,RU
fairlight,FR
ROMY22C,FR
akiliz,SE
ondra,CZ
kurama65299,UY
DailyDoseOfDad,US
Pegasus232,US
Moi101,US
PoM,FR
Doni18,AT
[XLAN]Dactyliss,FR
Captainbart,PL
Vonhelsing,NL
LordHaveMercy,DE
Testrol,CZ
Kingdingeling1,CH
Joe_Sixpack,DE
Stalkon117,RU
TheLichLord1122,ES
winklized,BE
Hammerv1,GB
SteamX2,BG
coff33,US
FoxKryer,US
TurboOo,EG
FightMe88MainStVA,US
[DmE]Wraxell,GB
Nertc,FI
Saumlaki,RU
CrazyPills,CH
Emre,TR
Hazzow,US
Hexanio,CA
Crop_Rotation,US
btasq,PL
iamtheultimate,PL
Angol,PL
Tribby,TH
Moosy,TW
KatanaNL,NL
A_H,HU
Csani,HU
malachi314,US
COLEMAN_TREBOR,ES
Ratatui,RU
BoltzmannPotato,RO
Volodymyr,UA
Damaus,ZA
gurt,US
Code99,MY
D3C31T,US
Filippo,IT
Butterfly,DE
Pillars,GB
Spadassin,FR
TachiCatze,CZ
Trickyj,GB
LouSagi_13,CH
kejda,CZ
SavageDiablo,IN
Dr_Clone,NL
Datakult,US
Peak_Comedy,MD
Klaumbaz,US
Zanzibarwinds,GB
Radivis,DE
Zerot,RU
Dominic6012,US
Smokey,GB
[SMRT]DoaMADmanic,US
Lord_Matteo,IT
Nutteria,BG
Ricoudou,FR
cohdee,US
JJax,NL
izirayd,PL
Honkwaddle,GB
[HELO]Blopson,??
OnlyLuxury,US
ChannelJax,GB
Cloudinity,DE
Aelendril,FR
KonradMazowiecki,PL
InspectorButters,US
SitzKrieg,US
WaxyCandles,US
[ZH]hegemony,US
Sanyos,HU
kadek750,RO
